AM,AC,SEP,RC,CL,TeachingScore,PerformanceGrade,PG_L,PG_R
66.926341594061,85.2445739901194,79.5599830538599,60,40,62.2433127026436,77.7599755059495,70.8259088783346,84.6940421335643
88.0084823644436,49.8195641519842,79.2060481429783,100,75,80.263882871786,89,83,95
89.6397969520881,80.7075934683477,73.5777280807982,55,30,64.5864475160629,75.0458935346296,68.0865210680892,82.0052660011701
80.0608537856882,56.9994138547894,73.6087554790534,100,45,65.3645759045842,89,83,95
60.0585885507757,78.6473784070745,84.0508770069376,75,60,65.0104800111513,86.3387246570696,78.8049586905394,93.8724906235999
67.1517895247034,91.3998897616215,79.8521125414987,80,40,62.3591097787887,90.3061884882264,85.6123769764527,95
55.5382878424891,100,85.2747164942673,80,60,64.5478345496848,89,83,95
88.760828837189,62.9201870268675,86.2779616413566,100,35,64.8327439358661,89,83,95
77.6490244292632,73.9337209960822,86.9374285021067,100,45,66.3972413889913,89,83,95
86.3276990351623,85.1393003374653,74.2585322608828,100,30,63.790027974282,89,83,95
66.1275006034209,53.5943666615243,81.6521219454594,100,55,65.9612857772902,89,83,95
100,88.7736759677547,77.6764263551894,20,30,65,64.2070272867615,61.1347410915793,67.2793134819436
100,31.3922513494633,82.4003695399551,100,55,71.9930973506602,83,83,83
73.1424997458113,70.0334861427739,69.3827783993271,40,65,68.6201945143275,65.5421667310759,55.1631729142504,75.9211605479013
58.3409796740904,47.2277827131073,74.8124019491193,80,55,63.055124021576,78.0520112055962,70.6581598311755,85.445862580017
64.7864117959913,42.108017263389,81.397296250154,100,45,63.3986962343809,81,67,95
75.2125398959646,23.6645144510154,77.8865886469385,100,65,71.7477783937047,83,83,83
74.106740843114,77.4838079316458,75.0221180099831,100,65,70.5374883673866,89,83,95
65.0848347830949,55.8119402962695,84.4032936470249,70,55,65.8737214110804,75.997205146236,69.0929614772595,82.9014488152126
79.5892637260348,77.3562716443366,77.9082415227565,60,45,65.8165971606947,77.5613887694538,69.5148657259331,85.6079118129745
68.8641323131423,36.0209111394461,77.4436568839139,100,75,73.3775929018713,83,83,83
55.7721776567276,48.9916183828595,75.2147856461562,100,35,55.3381196772588,75,67,83
70.7264575580537,67.5334204414188,66.8232668528589,100,35,58.7149720284062,89,83,95
74.0281971616317,86.3757183402267,83.8642705483662,80,55,68.4373239546148,89.8282458660289,84.6564917320577,95
90.0057478325845,50.5137397701336,76.3862524882527,75,85,82.7529403536717,81.9712453777981,72.2194839175717,91.7230068380246
62.9800605253318,72.9373944049009,83.6059087335883,70,50,64.5601216932399,82.5047801424387,74.143130849342,90.8664294355354
76.3770002287768,86.8380232972004,94.8655625880483,85,50,68.7333398929013,90.7894160209107,86.5788320418215,95
79.1070718790655,76.1739308343343,83.9532018952566,85,60,71.9967268308928,89.1850997703997,83.810528725465,94.5596708153345
42.9979866087306,50.1054394652512,80.9065764272932,100,75,64.9920359771674,81,67,95
81.0596592082413,36.9456661833503,77.8458308118505,75,60,70.8260684608251,75.0161106671643,67.5830513230632,82.4491700112654
60.6225088597701,100,80.5704753505457,40,35,58.7593395526733,66.5,50,83
70.1052472220043,66.5519799212887,66.5807618339464,80,15,52.329780965353,80.0942893473325,70.9009039586054,89.2876747360596
100,100,81.1510281639863,100,55,71.7003982950828,95,95,95
98.0861407810878,72.8977083120803,71.0695497023008,10,20,65,56.7448215078905,51.0899000441001,62.3997429716808
87.4051634385765,72.7532287031215,79.7958064309551,100,45,66.6322479913063,89,83,95
72.6061916116852,62.9212896501791,74.4853440725234,85,35,61.9850684734335,82.473102626413,76.6095422477347,88.3366630050914
62.1341737637562,63.7912785917502,76.8882146790247,60,45,61.8756284526532,76.2821409935318,69.0389409676371,83.5253410194265
80.9753094961881,73.5738791277279,79.5058082977207,95,20,62.8532487307007,89,83,95
71.6278673618451,82.0421404740682,87.1187303178916,100,75,77.0926452138671,89,83,95
55.2799853441559,91.3525232125594,74.2189433935414,50,75,67.3863740063763,72.5304346260542,66.7168071599759,78.3440620921325
74.6730470108176,72.9128554429466,80.1038314800676,70,85,79.3554347871814,85.1786585072608,76.7301684860203,93.6271485285013
61.7990948850832,60.8570351074396,77.4217406899753,30,35,58.4285188634616,57.4767358186485,50,64.9534716372971
91.6296070928578,60.041594375972,67.6987091216941,50,45,65.4808768746013,69.1723856977071,60.3192935813803,78.0254778140339
68.0379260859803,83.9030549700776,81.5793968911938,90,35,61.9401405070833,90.8055927945025,86.6111855890049,95
84.9685378707187,62.7509559648574,87.0896977624674,50,35,64.658511265777,69.6141498810833,61.7903892617373,77.4379105004294
67.0479282267275,58.079284803456,80.7282764126594,65,55,66.1708351301004,76.6750746512651,69.9236677088541,83.4264815936761
75.6136399480585,45.2191152725437,75.7080579470353,10,45,65.1469110447713,49.7606638807835,48.0023305367233,51.5189972248437
77.3258086370587,49.081318368896,79.0996817854717,30,50,67.3047469561013,56.403455444191,48.4399996529935,64.3669112353886
70.1837252765648,46.9340061558386,81.9704748836368,60,60,68.2486561711231,70.1557733287237,61.5116032848476,78.7999433725998
100,43.9841198148221,87.2348853806195,100,40,65.525981052488,81,67,95
87.0060983587708,15.4560411387004,82.2466528315921,30,30,64.3921898683892,46.749888028773,39.1440863122512,54.3556897452949
92.9440737654157,76.0681428784727,86.1569674223643,65,40,65.4041006771198,80.5358600172122,72.3492787307043,88.72244130372
100,58.7339962153714,81.8212139034597,85,50,69.7123276323103,83.4147191371109,75.8406824127394,90.9887558614823
80.815725230331,70.9248552588548,90.1469870369948,85,75,81.5313185247887,89.9088779942151,84.8177559884303,95
90.6797730224159,32.800490407673,81.7004741058072,95,40,65.3375478436036,75,67,83
54.4226048502809,100,77.9918539099959,100,10,50.8389838938556,89,83,95
60.6238926655426,77.8087530063676,90.13296722256,90,65,67.4025815489628,89.9221579046043,85.3227303514929,94.5215854577157
34.9659006053904,37.1549766089201,85.3114600644802,50,25,46.6434069077346,55.3619297704241,46.3231869569514,64.4006725838968
62.9597222715162,54.3693202019654,83.9008459447898,55,55,65.2338032395735,71.275871443687,62.7520471305094,79.7996957568646
68.2347608006591,100,78.4678650477703,60,25,59.9610352446952,81,67,95
63.9512768405805,95.5470577768174,81.3026094630282,40,30,59.3433372268664,66.5,50,83
91.7205593326883,61.7009344139822,75.5408550886189,100,20,65,89,83,95
62.1997495459467,80.6474970441632,91.6128892268954,90,40,63.4776405919304,90.466184184692,85.932368369384,95
63.6187221221938,38.1438407016717,75.8193809434123,100,50,63.897286716151,75,67,83
76.4696700148771,77.7054659470553,77.0699964355227,100,10,61.1533059487254,89,83,95
62.2556559641762,100,68.6732374390748,70,95,70.6654414302038,81,67,95
83.4105396997885,71.380626054094,82.5849704431375,100,30,64.0019683768325,89,83,95
69.7875331651739,74.6849992040806,88.487520870033,60,80,79.1795400843949,78.6040149998564,68.8863030670699,88.321726932643
95.562865476307,65.4132936466039,72.9313707830004,100,50,67.9930679416602,89,83,95
86.1153402363518,58.7018022886272,93.0586006955356,55,45,67.1845669287188,74.3044052819706,67.1807039614271,81.4281066025142
64.3067945867577,47.6512877798616,81.7796434032168,100,20,58.4878283057332,75,67,83
87.0708492716915,59.0753171336619,74.8441636123057,100,40,64.712429573587,89,83,95
89.6643856058972,28.7005745333543,80.334488715062,65,60,74.3888170000683,69.2844417067872,58.629431782484,79.9394516310903
89.0935168202471,89.9983561736101,95.9519958905332,50,60,77.0371467123971,76.0364701919325,69.7895710231945,82.2833693606704
41.0562604788617,52.0758941641531,79.8936409202465,100,60,60.2151979323607,89,83,95
67.2947190468691,33.5809282352622,94.4528207719423,75,75,76.4341994042932,75.1415182363214,67.5590583876205,82.7239780850223
45.1579118721844,84.4216077447299,78.4942564854766,70,50,58.8993488057852,82.710330082006,74.1475598503507,91.2731003136613
100,89.0923917791123,89.1426675302691,70,45,68.4313427818268,85.7464484172378,80.6308761340304,90.8620207004451
80.3804172391116,94.2563680035346,76.8728083722771,65,55,68.7351457662153,81,67,95
71.1999911704796,96.3395772324217,87.7680639470599,40,85,81.110921661593,75,67,83
57.7969802042519,50.4127193642759,67.8995947535513,100,60,62.3517575884335,81,67,95
64.4867626312306,58.5148959551158,86.7383255529673,85,60,66.6856468353473,82.475225576151,75.7595637363582,89.1908874159438
65.3183489586522,80.7195237844488,72.2290136916372,100,40,60.3931105655854,89,83,95
86.7281469320824,95.6635674223443,76.6027183999962,45,55,69.6352697838481,66.5,50,83
79.7349557946561,30.4784279041906,68.557168399327,100,85,77.1761673402891,83,83,83
94.1162616985795,83.6301568254216,75.4523342438889,40,70,78.3016930640191,74.8877099798555,67.0713516132107,82.7040683465002
73.8823560611074,45.5847838319942,82.0065347633782,60,55,68.1923779149286,69.6560454524246,61.1880327766429,78.1240581282063
40.4457919200303,42.6213395267245,88.7216816788516,50,65,63.5565877397952,63.7866357694587,55.1184012470408,72.4548702918766
89.7835459310871,65.7534254126075,82.8325517748135,80,55,72.0810043286901,85.5229102683046,77.8433857948036,93.2024347418056
90.3536652476136,74.2701373544116,82.7904124292197,90,30,64.8944516199383,88.2818061338959,84.0239798867442,92.5396323810477
76.9735316857991,72.5344050540481,85.4670899753355,30,35,64.0933757789002,58.3492901027007,50.3639699058025,66.3346102995988
84.0308326399858,41.012458900619,79.583420335953,90,50,68.0264703731121,81.5151773569335,79.0874427702294,83.9429119436376
74.8977852412552,85.4469841762309,79.8434466327697,65,55,68.2132410728682,81.9276698283475,75.3198791007763,88.5354605559187
76.3206850577634,54.3098163433309,81.0022920701962,100,20,62.3190976630743,89,83,95
73.2753986197891,42.7477225224314,70.0950017157404,80,40,62.4589999765126,77.0435971873139,69.948319593601,84.1388747810267
54.5762230802562,73.8220663726373,74.599921441867,100,45,58.7948440385786,89,83,95
63.1984336974417,100,67.6053317114086,50,55,62.8604716027058,66.5,50,83
39.9473928765326,72.6757978169357,83.5891993317699,40,30,48.5367725087993,61.6234777496016,52.7357778265062,70.5111776726969
81.1173255389587,80.4236502152041,92.9001574625528,75,30,65,87.1148070456743,80.4708231030804,93.7587909882682
65.7957278758892,81.6451354472602,83.3056583451631,65,85,77.0414083668508,82.135817383827,72.6249506158114,91.6466841518425
75.4914000660704,69.0647901389937,77.2148883248267,60,75,75.8473588110817,77.8392351312182,69.3352354700871,86.3432347923492
85.561623291015,45.8073598231327,77.5130428043928,50,95,83.1979207358935,69.5534360733343,61.1178641715914,77.9890079750772
62.029923050498,60.9589723373526,83.0740885966206,50,25,58.3532080287373,67.2875371323332,56.327741119284,78.2473331453825
70.6695818907109,63.5426675603289,73.7529455155815,100,20,57.602543843726,89,83,95
82.6915016669287,46.6339974160919,74.868618038308,70,55,68.5231508753264,73.6664283005319,66.292268921022,81.0405876800418
52.5368070991048,70.224605786692,82.0587059852525,100,65,65.3941772971825,89,83,95
53.2081931344318,64.736562921697,77.7004492675164,75,45,59.4767238529483,79.8261450580065,71.0344308562883,88.6178592597247
62.9979688995541,15.8254351076131,65.4156404335947,90,30,52.1748659009108,72.2767231878627,68.1585759814996,76.3948703942258
50.3368656717897,56.120080564194,68.9808258511845,95,15,46.856199441964,75,67,83
97.706551964187,83.1510467696621,79.8180120468694,55,55,71.4139592479036,75.2668530235307,68.1679174089906,82.3657886380708
85.9358314318642,6.51829407933618,82.9073603620567,100,75,80.4478613257469,83,83,83
78.1321136333481,73.8795257017226,77.0857758863334,60,35,63.2808546306906,77.1400790277725,69.3728008997018,84.9073571558432
91.2842173823938,64.5257713078562,91.7006171208697,70,65,82.6923076923077,83.9347306217342,76.7315654103813,91.137895833087
84.4293865773938,63.7813107397277,94.5684932982651,95,75,82.5271126345107,89,83,95
61.8885032520991,74.4227165367874,74.8216487791447,100,20,53.3478393076473,89,83,95
100,86.6475229444004,76.0894042959418,100,40,65.3337774276551,89,83,95
76.4622305978707,53.8100162290784,87.5534728820756,75,55,69.7454007457783,78.7195065463702,69.0596891756816,88.3793239170588
82.6046449692501,76.5187618461264,80.6849505942636,65,55,69.8853030213851,81.2964240667823,71.9153768865812,90.6774712469833
90.371353181757,71.2214963346501,85.8441765895375,100,60,77.0305963729755,89,83,95
61.0815155938091,46.463781147252,73.093140148491,90,45,60.8497083374704,81.1904580680137,78.7266174677984,83.654298668229
61.6618473695939,88.8724493474929,80.9243131811166,95,20,56.559643681559,89,83,95
60.2515726683746,93.324745867738,85.0707024352954,100,40,61.1166452504715,89,83,95
74.5293163043015,71.8998256293828,78.7537765751486,55,65,71.7585025703664,75.107180114661,67.7798510131068,82.4345092162151
88.0313940761483,77.7610059839322,79.8808652539257,100,65,76.6734082588611,89,83,95
61.2778289144026,78.5002391308172,83.1867839463208,40,20,57.205289755801,63.0070892431417,52.3953928563687,73.6187856299147
75.5148624496356,75.4403205217498,90.8004326291252,100,55,70.0765765384051,89,83,95
71.2462114848419,79.5739986343161,75.1199567931073,65,65,69.708918154387,81.4478603476572,71.9751005565163,90.9206201387981
59.1365334712998,86.1730056621524,82.4800715372101,70,35,58.6020347843623,83.1808740912554,75.4513594337633,90.9103887487476
62.0802588873455,70.6392350106692,84.0778335756216,80,30,59.2241061522487,82.2883943773299,72.0774692952713,92.4993194593885
69.6966833783309,74.0674346793319,81.6917993620873,100,35,62.5892608176739,89,83,95
87.4426092766594,74.8939085287709,82.3794983653854,60,20,64.3075108640656,77.3012335759732,69.5655207360115,85.0369464159349
69.4688455580851,31.8618760731562,80.0403015828929,70,20,60.3777924271282,71.0962519979713,61.3234839125567,80.8690200833859
75.9237130272198,100,74.1849633497931,80,55,67.4831082246666,89,83,95
83.3705345877679,87.0338715703567,70.5346208009164,95,45,65.2048660337395,89,83,95
72.3542955316295,19.305521359887,66.1750963699851,35,30,57.1859843771917,41.2616902125232,32.7400989910082,49.7832814340382
90.723620014919,68.7296190726425,78.1554879944452,100,25,64.925961142016,89,83,95
90.2067464248303,32.1660183340798,79.6409591940835,100,45,66.9399847206701,75,67,83
60.7684536404755,58.0202745801739,80.4827071002711,70,35,58.8017356317983,75.5570447170334,68.3176124912666,82.7964769428003
74.8394404248167,89.8302597834422,88.9983506209576,20,45,66.3102205584162,64.8434250984787,62.334127577479,67.3527226194783
69.7275232098713,92.1625701066466,83.1030064302043,95,40,63.6193951938421,89,83,95
49.7568971816158,65.3340460048977,79.9702611355424,100,55,62.364135032621,89,83,95
59.260048262379,45.5122968855806,78.7422124918232,65,60,64.3663718358242,70.3504059462019,63.8509186057371,76.8498932866668
85.3468914704665,58.9245193817837,70.4641568734881,100,85,79.8842485757275,89,83,95
75.1115322217207,70.7944205276835,86.7230059582037,75,60,70.9556607974783,87.8352037368881,82.0769223469766,93.5934851267996
68.1453844282263,96.6741671366911,84.6913399730228,75,40,63.3880630108146,89,83,95
66.5452785039128,69.2387494266079,71.3116472962348,0,85,72.0580907109578,58.5,50,67
96.8508022646254,52.2468330324291,78.207799114081,90,50,69.1266755909158,84.8067388513515,81.010107904422,88.603369798281
60.3255067063988,66.7996297749734,77.9193974749622,55,50,63.1764261928908,74.4558086956571,67.8548814159388,81.0567359753754
58.0616997394655,68.5375170540281,80.4695424139101,10,10,53.7866747760593,53.8440328283737,50,57.6880656567475
74.5418628161822,74.3418589365412,76.576644489108,65,45,65.1242801693482,80.350029124021,72.5133829699598,88.1866752780823
98.7716689148395,46.7364710480605,79.0531484120132,80,45,67.3476491820622,79.0888812314639,71.2200682870422,86.9576941758856
61.8243367091588,69.2640384793662,86.4077502351053,95,60,65.8041459985869,89,83,95
78.6182643016437,67.3458306775464,70.1899097394097,95,50,66.1385652898334,89,83,95
85.3121400945033,100,80.2158044614914,65,20,63.7162499996013,81,67,95
66.4906852300545,56.4342450401718,69.8211556525,50,45,62.1232572903388,67.2999185363482,56.7386876460339,77.8611494266625
89.8342579258274,70.0587425055452,74.9176701963488,70,65,74.306415890287,84.5677524284129,76.3512989258522,92.7842059309735
69.0974008002318,100,92.7355706959567,95,10,64.1754103553083,89,83,95
87.7989022050287,31.2288559030325,89.2559731498031,30,70,82.3558422010628,57.7209698660436,50,65.4419397320872
80.4786514793619,81.5282631433105,86.0760158457116,65,60,73.0566431423332,81.9265075974736,72.7380733582197,91.1149418367276
77.3737465752691,80.6576422935456,75.1765982168832,95,40,63.7741299582362,89,83,95
48.5021813400352,16.7546916391503,85.4731891719013,100,60,63.6150571689276,75,67,83
83.9712369266643,57.6140723833562,85.7223476220013,75,35,64.499520003469,78.7520391237402,70.2267303526863,87.2773478947941
66.6354437895208,82.3482265207888,83.8778802029954,80,60,67.1625961348858,89.4258892466661,83.8517784933322,95
57.0265582867811,31.4864336293246,73.4820365614434,100,95,70.0988530505108,75,67,83
42.7900215257344,69.9132462417064,89.1228344896611,100,65,64.1887241872938,89,83,95
78.3782123480038,61.1970288963949,83.7476920720318,30,50,67.8513289263353,57.6000847790423,50,65.2001695580847
80.5551596946559,68.3264725791078,78.8117571987878,45,65,73.8626192559617,69.0372125139153,59.3099106107693,78.7645144170613
46.7912093362337,22.7665826290093,87.1578759995497,90,35,54.9261312067095,75.1937066142221,70.1030209497487,80.2843922786955
75.7941154972172,100,77.1892725223223,100,60,69.3191700283451,89,83,95
64.4974508286555,100,86.0225660840947,60,35,61.6825111746026,81,67,95
78.2622795094666,92.1553355492393,71.30077121181,85,50,66.3865162153423,91.821075565563,88.642151131126,95
48.3043770929723,83.0445804218718,81.2110878330875,60,45,58.8836826317105,77.1466732867742,69.0916825200261,85.2016640535223
82.7956976151839,39.6995312378079,70.8502322826271,100,55,67.477718508084,81,67,95
69.66730712785,78.8513822813852,72.4411085886611,100,55,66.103204525047,89,83,95
100,52.7020958686678,68.6247155875251,70,55,68.0077236211016,75.0595677800882,67.644153129283,82.4749824308933
54.7517283127388,22.4987514026069,74.8541865827682,100,75,67.4093996975565,75,67,83
65.4728854879063,55.6821675401457,80.2869406290267,75,45,63.4522629342037,77.1998888098747,69.3286372924574,85.071140327292
63.1807928964286,63.9952597628811,71.3218756004378,50,65,66.3016932918687,70.335818981817,62.8468178742375,77.8248200893965
95.5217684472698,76.93623437326,83.7192859262076,100,60,74.7889829999965,89,83,95
96.6347280570039,66.5781138277126,73.540155765907,20,45,66.7039245038172,54.9896646841566,50,59.9793293683131
67.3149142515323,51.5860757158951,77.753591565055,100,30,59.8758884696578,89,83,95
79.5358295255375,100,83.6858343396423,100,40,64.6384254597201,89,83,95
100,60.4803385319571,71.3291608120863,40,65,73.5660784422212,63.4511794284263,53.2746587634355,73.6277000934171
77.5989484266575,43.699291524414,92.21686945099,50,70,79.257691319678,68.1543332395588,57.176895353732,79.1317711253855
75.9947449101273,91.3596690684802,82.5258685988531,50,50,67.3656908138534,72.5256332476751,66.7157112321189,78.3355552632314
44.7134028952749,74.220246545709,81.7722098569647,40,65,63.427865438879,64.710660994401,54.5075643395331,74.9137576492689
38.6404366365757,39.4805672592165,77.4095191882029,95,40,50.2823140242436,75,67,83
94.5264060447869,30.1973115800772,92.5694357563007,95,30,65,75,67,83
100,72.6408711419343,80.6430043797441,30,45,67.4706002180913,58.6555648068427,50.4199792873947,66.8911503262907
78.9082122641959,70.2190487469641,69.2435772179256,95,65,69.745606869128,89,83,95
69.4244034983078,43.4068444871678,64.5211030235271,95,25,53.3404728207563,75,67,83
66.3164737105786,100,82.6656349407403,80,35,61.5141837285959,89,83,95
90.5755089639732,57.8896300094171,70.335907649517,100,65,71.460938233355,89,83,95
100,59.6162698913928,84.2011787459237,65,75,82.463014813369,80.0414703356416,71.4393229437848,88.6436177274984
90.9596933307526,100,95.622408456031,100,0,65,89,83,95
95.6481684081745,57.4929107059356,83.5371345713478,95,55,72.2825612651235,89,83,95
84.8465777962535,81.2594380559021,83.4454997904597,95,85,82.3014882660714,89,83,95
41.2413097156336,56.5859132484785,76.8699312071511,100,50,56.3073454524457,83,83,83
53.4387446140708,51.9839561109942,87.2907321797384,55,40,60.1470313063599,67.5440592432137,56.127954807866,78.9601636785615
97.1677398663476,88.4468532347872,82.5758687999236,100,50,69.8374389715606,89,83,95
80.3674751897575,60.532013905551,65.1455982760981,65,75,72.3082530162826,79.1753786510673,70.6725562729544,87.6782010291801
55.5549126216237,96.0753323245361,78.462505765235,50,30,54.8279774798727,66.5,50,83
42.3284135876391,43.2188541369013,88.306829234063,20,55,61.6836184056513,48.4216777337218,44.4336667539458,52.4096887134979
90.1248587035729,53.4868153054901,85.6857921535451,100,45,67.1059763784714,89,83,95
57.7502353441513,20.3485334247474,79.0638658791333,65,45,60.9215100832581,66.3652458785784,60.011192087562,72.7192996695949
62.746689325273,76.8528821971334,85.7206155934339,40,10,59.0485567711622,62.9825899678007,52.5952359894552,73.3699439461462
77.2150207052245,56.30867534384,86.1239849902595,60,35,64.1962474694287,74.6630799176762,67.4593850706301,81.8667747647224
83.335292092094,86.6882134317618,81.1998122631495,80,50,68.0893259236326,89.8706020537563,84.7412041075126,95
91.6586897568457,63.2665127277037,84.6583294202879,100,35,65,89,83,95
67.1118764884556,82.0420151811582,77.8361381700491,100,65,68.6834682125474,89,83,95
77.5995506703282,52.2789735671576,81.1380438556543,95,50,67.498290662809,89,83,95
62.9510228965831,75.8727205039752,83.3390781271354,100,65,67.6222629558231,89,83,95
70.005022051909,74.9682765767547,75.7298714179493,60,30,60.4602829673818,76.9092548849324,68.6822012991573,85.1363084707074
84.6658819339165,80.8356869401555,90.721918415986,85,95,84.9340305696159,90.4629129956747,85.9258259913495,95
84.0517448245467,86.9279356475683,74.1041784138989,60,60,69.989847383538,78.6115576718941,71.8069448774817,85.4161704663065
95.5604553815691,69.263974547072,87.9852687032683,70,20,65,81.8975170825195,74.2748621020795,89.5201720629595
80.6937666171041,75.8301254959157,77.4360977909576,70,20,62.453995753029,82.1342983922236,72.6989936250273,91.5696031594198
78.3007637238143,47.5494879309731,79.901257458161,50,20,62.4720585172083,65.1493517408978,55.8914322920996,74.407271189696
56.0359807713665,16.9617270434912,95.2344449309491,100,75,70.323743991052,75,67,83
67.9200162364188,100,80.2458706541294,100,35,61.6659451938062,89,83,95
67.2267308640386,69.5281193433433,74.3806116228203,65,55,65.5887998823401,79.90701225545,72.9417281429287,86.8722963679713
61.9231430164106,82.4919466055576,82.0813197265277,95,70,69.0320257640977,89,83,95
100,64.8409134893373,74.7381461836654,80,60,71.7727133529943,85.0403400294103,77.1442042441922,92.9364758146284
70.1411381221864,39.0359854348604,79.9315823779004,100,65,70.2098675813053,81,67,95
100,73.1359736802764,72.5310468763672,80,40,65.264278259304,85.9399750385057,78.4731661293793,93.406783947632
80.6173029546375,60.4319521438709,79.9066258640034,75,55,69.4150036468789,81.5629906594062,71.820195774928,91.3057855438844
86.320739988228,52.4149030359395,80.2001590695786,75,55,70.5566185560827,78.3433325477808,68.6098506387629,88.0768144567987
75.1429548642384,64.6910499437946,87.6952953636808,100,40,64.804463658467,89,83,95
79.2774242522416,33.3667431220369,81.0874613415309,80,35,63.8072832152938,75.8175245204778,68.6350490409557,83
74.4688526649531,69.0621679831108,83.6875054826225,75,45,65.7418371059171,83.3882356978209,75.2305710303843,91.5459003652575
65.3243017718847,49.2670938327784,66.8374703538947,60,65,65.6033306332465,70.0601642705759,61.4207011877161,78.6996273534357
85.2462062341948,81.914978090566,78.0453363320426,100,60,71.9204129765472,89,83,95
64.0375419723251,40.539915686118,81.1498583992411,85,20,58.0952478410948,76.6081038448958,70.2162076897916,83
45.4096425463676,63.4025145618142,66.2587142820542,65,70,62.2412537517142,78.0460622821267,71.2941881114578,84.7979364527955
77.4759600273171,36.1917935492657,69.0777283448157,85,30,60.6139752724542,76.4273307050279,69.8546614100559,83
39.6033914446795,32.8791234386198,76.470970189254,100,70,62.7482121853991,75,67,83
94.6635314054191,59.1475672188755,89.9296439462748,100,45,68.5595032095692,89,83,95
90.72292560188,62.525634358693,80.1740096847868,95,35,64.9558874259243,89,83,95
100,72.8515854153311,74.5107814160246,100,35,65,89,83,95
67.1093597514969,49.7472847931138,78.0386752170673,40,40,62.0668189043642,60.5165352972879,52.381618063784,68.6514525307919
33.9658027625081,80.9459925553663,83.5598227826693,80,45,52.59750721473,83.2918860164198,73.153794227959,93.4299778048806
91.007817375409,100,81.2723728544748,50,20,65,66.5,50,83
71.4847502710117,93.5360862572426,83.8784878464461,70,25,62.7391091106602,85.3593499969114,81.1458935478332,89.5728064459897
98.3350317272319,28.698231382453,85.9141726354853,100,35,65,75,67,83
100,63.4205060150637,73.5717957492457,80,75,79.5536861716393,89.0257616956041,83.0515233912082,95
82.2836570792235,51.0521038458969,76.8398400738942,90,45,65.8913041857599,83.7680730850361,81.0558751396227,86.4802710304495
67.574465354898,57.0379159190297,72.315088448811,100,55,65.461347420711,89,83,95
71.6261644008011,97.4473582864387,84.7333427207147,100,30,63.2299240646841,89,83,95
86.9341795858892,59.1599626762349,80.9263581120509,85,60,73.5072622468895,85.3778006614308,77.8941100142879,92.8614913085738
66.67884247482,64.9329199528926,79.4972653451763,20,60,66.8528491628233,54.5443304882369,50,59.0886609764738
61.9056566536262,69.8172884512234,76.8606553281885,55,40,59.8881758749408,74.7026479943536,67.5464668236118,81.8588291650953
77.3191093359871,75.3110163361549,85.499639202671,100,75,78.7111814203198,89,83,95
100,69.9946933279124,81.070498796236,70,20,65,82.1205414494394,74.3483952955714,89.8926876033074
90.7638221200004,11.4143189256952,83.4577602220338,40,85,83.9076594754365,60.8284589940511,54.6569179881022,67
76.4176873947753,60.317927489477,75.8401703608695,100,70,73.8802843473859,89,83,95
62.6824623064698,66.1313302039759,78.597000641674,45,70,69.0251293717069,67.8882698464303,59.8007828394294,75.9757568534312
81.396747124891,24.9955031918027,86.4907065947629,100,75,80.2371275858749,83,83,83
94.0178142909631,60.7386117325622,82.6214371140797,45,60,74.4344665330652,67.3711060790768,56.9996509416693,77.7425612164843
63.0046691157127,23.2625059048259,75.3588106343766,65,45,61.9372868667366,66.8378440150317,59.679530623887,73.9961574061764
75.6505575427655,43.1941901709774,83.5943102673827,95,35,63.7550254285439,81,67,95
88.9476019839726,59.9204180193851,73.6934377840414,100,60,70.7461653933836,89,83,95
91.6916809498606,18.7531933750041,79.4820363017018,70,65,77.8796212028206,72.1950592013318,65.1740110918275,79.2161073108361
80.0486613947457,67.7104322577541,82.5215014927621,80,40,64.5794053201246,83.567363009645,75.690150913072,91.4445751062179
86.763503624434,79.4208016402079,79.4601383209106,85,65,76.029267101109,89.6174430765077,84.2348861530154,95
68.1223582351549,91.7334996050274,66.1860319120834,95,65,66.2368193558603,89,83,95
67.6741465843919,58.4134798628619,75.7155050616865,95,30,59.2714259367636,89,83,95
88.0033289122431,40.3403345877394,71.7014579460297,100,55,68.2146699908538,81,67,95
85.3355030347688,20.3497395257051,71.9721726825083,95,30,63.3960813566524,75,67,83
94.1518617188031,69.4995363357451,77.0395767900261,90,25,65,86.3835232630385,82.5214450157486,90.2456015103283
83.6862566523723,85.5945742144327,92.232623629135,80,65,79.4996103090147,89.6000819509651,84.2001639019303,95
75.0973772437956,32.9625594827307,81.2268265782691,100,25,62.6232118408908,75,67,83
75.0804668062037,95.4746296954521,79.524773851941,100,65,72.1279195225219,95,95,95
83.8324374991168,33.8323577520618,69.3013350529722,100,30,62.2512285258773,75,67,83
78.0345193376158,66.9659130979497,86.4111120353299,40,55,70.0339837636615,65.0549009347392,55.332154749544,74.7776471199344
83.2460008188519,87.6281555619865,87.8317685557502,70,40,65.1117421371379,84.9538533072982,79.8915935575626,90.0161130570339
80.1877606739068,100,84.5896082285522,40,45,66.3905421198066,66.5,50,83
100,80.1482124985391,77.3759041103123,60,40,65.3589043771545,77.6514777355249,69.8259742465055,85.4769812245443
72.6309515550294,90.5103509539778,80.4574835548781,100,35,63.0791247982416,89,83,95
68.7253471524212,53.8311648955139,77.3764765917474,65,85,76.2333123979822,77.199931868804,68.9052269138634,85.4946368237446
57.5268509515052,84.0790044979454,84.835041027839,100,65,66.1516216846398,89,83,95
79.3727699530711,34.1275140046532,80.4944252497646,100,40,64.4082886512483,75,67,83
57.6564806728424,90.7673688786741,74.4098581345399,55,55,62.8785624479717,75.2488560583596,69.7716948245903,80.7260172921289
74.070140154536,68.2551082866765,74.0693337680584,40,55,67.173095996644,64.6385858498926,55.589030615812,73.6881410839732
79.1253246516474,91.8267288552547,71.0418048398474,75,25,61.5921450703788,88.3440723172612,84.004517373543,92.6836272609794
60.4499538497465,62.1232638304987,70.3281856446801,40,50,61.9759104301953,61.9149364706395,53.7235676003067,70.1063053409723
81.4091055370306,68.1538374403838,71.5616814361643,70,50,66.6209257068688,82.0378257093411,74.3728544404504,89.7027969782318
59.45662378542,65.9704543780187,82.0148781909704,95,20,55.557722354147,89,83,95
67.6450893206027,78.2887296913369,77.5490635201218,100,50,65.2806396003229,89,83,95
86.5861127813136,32.0108762835506,81.5152269660707,50,30,64.2960955058975,58.2144616764976,50.2120880692748,66.2168352837204
68.2732790058343,35.0573944077053,77.6446025200839,80,50,65.4754518815037,75.9979752465371,68.9959504930742,83
61.1389818287732,46.6426974056468,78.5839022378459,85,60,64.971496129289,80.0074384422803,75.1411332072826,84.873743677278
76.4916194108419,44.55138618534,83.6413364912742,20,30,63.4841510922163,49.699705904256,46.7814456475522,52.6179661609598
84.2351148145047,90.973517816604,79.3300024118998,10,80,80.2305112502398,66.9868714675066,66.9737429350131,67
49.6063069540543,51.008012038533,84.5104814374751,20,55,63.0737627251046,52.8041640589957,50,55.6083281179914
80.4120169930233,93.3256033486608,67.3558942671713,90,35,61.4747751008644,92.3658745582691,89.7317491165383,95
46.5780462961952,51.8444465220562,74.6024857725873,65,70,64.6465013623269,72.9782912431833,66.0574693928127,79.8991130935538
61.7254202653984,34.5374467556632,75.7659032875878,100,75,69.5565308934172,75,67,83
76.3053471388635,81.5455879153327,79.4631560086543,95,65,72.5985677364536,89,83,95
77.340043189494,68.601639793998,87.6622112187367,100,85,82.0237236423496,89,83,95
78.5613401922188,64.9336820042675,77.4699824482317,40,30,62.9135025737263,62.7893942048206,55.2222627045887,70.3565257050526
80.7276506990188,65.9689029674446,82.2094231258791,90,60,71.952941558373,87.4846417649214,83.2058591975829,91.76342433226
100,80.9795863504917,72.3114377728372,20,75,79.1598243040116,63.4982249631121,56.7096821386136,70.2867677876107
75.9511824396031,51.3938423102333,80.8454764292296,70,40,64.162769728295,74.2242594923108,66.9646249883758,81.4838939962457
72.083287474659,96.9780324913235,80.9142799071027,80,50,66.6689967669543,89,83,95
87.1113294736193,94.030140153546,68.2914495168852,55,40,63.8476146628608,75,67,83
65.2295863041801,69.2130989148936,69.5286288844009,100,30,55.3062142950384,89,83,95
71.3081974737208,48.4827227853096,77.5493225585156,40,35,62.4319500712618,60.4354204755671,52.5203213968478,68.3505195542863
61.0442714885087,72.5179998749735,69.4544165141368,100,20,49.9207517517156,89,83,95
61.1813371277547,41.0243773870645,82.1114821648149,95,65,66.9058796648972,81,67,95
84.7248027935841,46.0140975468804,81.5529642075726,75,85,81.9039876580952,80.3834928373388,71.368639550032,89.3983461246456
89.2569263118796,42.8541462205023,72.3262674560397,100,35,64.5694305686927,81,67,95
86.1385379303999,63.5870600898101,84.9925170350136,65,60,74.6871759778347,80.0569518390134,71.8548361125215,88.2590675655053
73.3150004556628,100,71.339605465364,100,30,60.2726394807524,89,83,95
49.6191244430459,77.670674462266,74.0589313761368,95,40,54.3340594808363,89,83,95
60.1457095364428,87.3068976711387,94.2367973467684,55,30,60.6232699743721,74.9893215403678,68.517622863603,81.4610202171326
66.8995199137482,59.7281098262711,74.6919441926482,60,65,68.0286799396191,76.2913291784938,68.6909050099212,83.8917533470663
76.1062069455857,52.6863078355968,89.2638416722936,50,60,72.1322762665148,70.6554828193547,61.1472254530678,80.1637401856416
81.193651333528,54.3037986521875,69.6027116914978,100,45,64.7424002867647,89,83,95
88.0045036727102,95.2133057131467,75.5061772251338,30,35,64.4086793966203,66.5,50,83
63.1716164849269,35.2421789587581,86.4030994676617,40,45,63.7388059419146,56.8652188515993,47.9301025651198,65.8003351380787
96.415832845053,87.9402829022374,82.3441408646173,75,65,77.474219323486,88.8500215977815,83.5390049027555,94.1610382928075
88.0626096102827,70.3355512673108,78.3935209079168,50,50,68.3435240682304,72.1638036627101,63.9024029751988,80.4252043502215
77.3282476067421,63.8031382735949,84.8225765178899,25,20,63.3007163004773,55.9066655915259,50,61.8133311830519
81.6367448853998,77.2625706661268,74.7146942034602,95,30,62.9716205808278,89,83,95
73.5899055211766,64.0765351068487,79.757528397166,100,30,62.5384067123315,89,83,95
62.4924458140313,90.6491112640462,78.4931032838482,100,55,64.6425559840616,89,83,95
71.0681062277243,99.2117193690774,79.8741266928317,50,40,63.6748496825388,66.5,50,83
81.2989742413955,59.2935350250858,70.6311910000064,85,10,61.1814111210526,80.1565285662004,73.7897264792368,86.5233306531641
56.5514452552897,34.2086780569679,79.8998111589378,85,65,65.6752391330161,77.0350720425903,71.0701440851805,83
66.5069062964019,69.2915009130059,88.3391899709041,95,50,65.9251089761897,89,83,95
64.7979076226338,86.3371096201378,83.6723533557552,40,65,68.2730499558164,68.6451225563467,60.7303014871711,76.5599436255222
58.3125594270703,49.481998788772,79.0480634124929,30,30,56.1060578311065,54.1029384307139,43.891909519488,64.3139673419399
100,72.2864784906773,78.8070268777943,100,30,65,89,83,95
80.7740589753133,76.9567657896815,84.360486658854,10,45,66.4043342652026,59.5142690613007,53.4051695757448,65.6233685468566
74.683586202547,75.0103773536863,86.230883116635,65,35,64.071592371918,80.1864943689608,72.0458987010025,88.3270900369191
50.1006957998116,34.1492514818799,82.2547167224184,30,30,53.2879331962514,43.3734377750881,27.3021618148559,59.4447137353203
74.4522511358584,76.8647068368129,78.1983901541241,100,40,63.7979658786001,89,83,95
73.9867394771388,93.2144332424725,81.5465991290608,60,30,62.868422979222,78.8985369876662,73.612830052877,84.1842439224555
60.5422850713596,42.2387366766188,82.791381608693,100,30,58.1173506642861,75,67,83
71.3988114089568,51.135663405491,79.5997407358986,75,60,68.4641988506344,76.6137687879102,68.3488062453165,84.8787313305039
73.2199250504058,94.4632391669062,81.5395415383451,100,45,65.4306554253017,89,83,95
84.6998544668229,47.2913646376838,88.2502735387457,50,40,65.1888139360085,66.039421746787,57.5722952205406,74.5065482730335
84.8999000901127,74.3674268077241,79.0754310213453,100,50,68.0791668906516,89,83,95
59.7454427554177,64.5589642454246,75.9916009629774,60,65,65.810487791039,76.9935575961395,70.2994580123604,83.6876571799187
73.5889355870197,57.4264702909636,81.6958122341294,95,60,69.434046816034,89,83,95
85.1210804460856,85.3815113474699,88.7872925116259,100,40,65.2376106960129,89,83,95
75.1450954883197,61.2749665040922,80.6561022077749,100,45,65.5789391747076,89,83,95
92.2260697268332,65.9963667130239,81.8385550824956,65,10,65,79.3364335676306,73.3208861303694,85.3519810048918
83.9805127789616,54.6499895499266,63.549771303747,85,45,63.4220746106903,80.5970116149465,74.2613754220702,86.9326478078228
57.3389609423208,67.7850181806317,77.9975853742612,75,80,69.6231141407142,84.3230277849379,76.201882664841,92.4441729050348
39.4309305478868,40.5758278926182,76.7762883024298,95,10,45.1353619049482,75,67,83
86.7963494102235,59.7233201305129,87.0842301392696,65,10,64.6047517791832,77.6365394501227,70.6020082242089,84.6710706760365
41.1812198514228,90.6796440695201,86.4222094165008,100,40,54.3952324284909,89,83,95
79.590795861724,42.3806753997435,74.2830798243196,85,30,62.6108960068432,78.2537827848899,72.7786954022991,83.7288701674808
100,67.104895163817,76.7963589197661,85,40,65.3475851351517,84.8411424904423,79.5451449496433,90.1371400312413
79.2342664516256,53.1448682342427,84.8751129476414,100,55,70.0627547367038,89,83,95
69.4079473948701,83.7838942377204,87.6133510225263,95,45,65.3588122451681,89,83,95
78.5874586540786,44.9055101395008,85.0005121567749,50,60,72.0889234550014,67.5454797505636,57.8650849456745,77.2258745554528
72.2585887735358,85.1751317840284,73.3670678821138,85,45,64.5205654840345,90.4644052640066,85.9288105280133,95
78.0427902430765,63.0156229818377,79.4147796729182,20,55,68.8805069452603,55.2070713852875,50,60.414142770575
98.4276420849116,39.2097509440329,77.2974837229671,100,75,80.7179636634272,89,83,95
67.4026696528231,40.4129364812693,84.4760842758039,100,40,63.1444878535776,81,67,95
100,48.5435411418243,75.2364991200281,100,65,75.092382468761,89,83,95
87.2978409797213,66.1452198132685,82.5507533057387,100,40,65.0465992060451,89,83,95
64.5286273467531,52.9120702347105,75.8071611322828,25,50,64.1707376419016,55.9026745335838,50,61.8053490671677
61.7296708932445,76.6111909663205,72.4418995345793,80,55,63.7504603195692,87.291187131526,80.2130723105808,94.3693019524712
59.1025580594017,60.9788090224791,79.9647436848711,70,55,63.7454702406361,78.9810282290024,71.1018450177802,86.8602114402247
67.3410318905482,47.9584889811781,85.4161487800689,75,25,61.5689263785445,75.1481247380645,68.1094329873569,82.186816488772
81.9150035578218,78.0776965347171,69.7974704709075,100,75,74.9136465006413,89,83,95
51.5550669041213,74.1274910576949,79.4795044974573,30,20,50.1552021386552,57.8760891091336,50,65.7521782182672
67.7183650852923,47.7715939435004,82.9651586908982,30,55,66.532112736851,55.5963332671392,47.4781277414044,63.714538792874
94.4321424584724,47.2628564708621,83.9329780658885,60,20,65,69.1223236974406,60.9391932659271,77.3054541289542
56.888744084967,32.9044456081467,84.3162272653374,95,50,63.3727015307511,75,67,83
85.5500764438061,77.2322599361033,72.8507541576146,60,45,65.7330441740273,77.5472055975194,69.5296136748352,85.5647975202035
64.9965074517538,75.4630061176749,79.6361970804427,80,60,66.3025291371789,87.7199688955738,81.2591166664332,94.1808211247145
53.2029518149328,62.8551038512403,80.5988298752134,90,25,53.0735198058921,83.2141930200399,80.6943387855557,85.7340472545241
82.554697855193,91.54259479028,84.4311647435964,70,0,63.5319174030804,85.3851309955271,81.2942135598857,89.4760484311685
85.4673233674712,82.7030657463661,83.6645481198756,95,65,77.0072042364741,89,83,95
81.2186820524988,73.0787463611767,81.9643770252277,80,40,64.6069028219623,85.6247910838735,77.9092688024384,93.3403133653085
84.8335634372846,89.1380640511736,80.9041146198719,60,50,68.2177187048764,78.9297348437953,73.1382320296699,84.7212376579208
100,46.0478006141049,79.9745218341523,60,55,71.446314829731,71.2755391492913,62.6107812397639,79.9402970588187
64.376666506455,57.0921121516331,91.5585243335599,70,20,62.440457770521,75.9578935896663,68.960308362219,82.9554788171135
61.3771918804577,34.4204940721955,76.1137398983526,40,45,61.4768392747138,53.9011437157184,42.2900794902718,65.512207941165
87.478665955292,50.3925082164535,72.3289918905006,95,65,72.1507862264368,89,83,95
90.4087190707655,66.329004860922,78.9232893220997,85,95,84.7832599409349,90.4532202680737,85.9064405361474,95
100,75.49782800189,83.6334169337397,100,65,77.8852288809567,89,83,95
72.8122384873443,31.9867604406321,80.3826849106015,75,20,61.5630105203839,74.8181623196766,67.422996086665,82.2133285526884
70.7629987657144,49.1196126858555,85.1971520302731,45,55,67.6417040349689,64.6151497610144,56.1926323186533,73.0376672033754
88.9401746852126,63.1604959183246,84.7803126358927,40,50,69.0458383887921,63.6525104200757,54.8376424157589,72.4673784243925
63.6991030651125,77.5901184092952,89.0732863354819,100,40,63.2210032962866,89,83,95
96.266009248257,59.3254418034918,82.9009109419857,100,70,80.7720855775375,89,83,95
86.6245556663925,65.4885647079816,78.8138792941448,100,75,79.6410887247734,89,83,95
70.9991389628909,30.2593178467605,75.6942222886021,100,55,66.885312424293,75,67,83
90.1067593412552,45.8565164291923,71.6734527862762,60,55,68.4658106276944,69.8507965604951,61.3001741084107,78.4014190125794
83.1979663038619,94.2282449332296,77.42594241858,95,45,66.0303444173861,89,83,95
59.1959728423889,100,67.179738495379,100,45,58.1693409948574,89,83,95
94.2847856844074,82.1591981406714,79.9469601615372,95,35,65,89,83,95
75.2419258278484,89.7400139821526,77.9624140177163,100,20,61.3029234991419,89,83,95
88.197394393684,62.9887515171127,89.9800416563172,60,35,64.9505782823733,76.6803487990858,69.7815911139275,83.5791064842442
68.5750932270332,65.9833224926822,75.2631422271619,90,55,66.0935178268751,85.7595971416996,82.4702305963915,89.0489636870077
84.0235470427236,64.4350311064396,72.3794279648545,100,20,62.5030000962346,89,83,95
73.0019586066691,75.658446300031,80.8219248807122,40,75,75.9858875622115,68.8870934606366,56.5383083564965,81.2358785647767
32.529148059604,52.9707611176306,64.8018915609784,80,50,48.6871089915667,75.9998557393755,68.999711478751,83
100,49.1235429884457,70.8868474776492,75,75,78.6792796735308,80.818337498258,69.8844675793069,91.7522074172092
59.2220472771926,58.2908310741166,82.5315503904873,80,55,64.0066333577844,80.1487312907498,71.2655116987192,89.0319508827805
59.5126194137766,87.373124503456,84.7169635625048,85,35,59.3954040549909,90.0179282615917,85.0358565231835,95
100,41.2781962246305,84.5370223458728,100,85,83.8727977620545,89,83,95
95.3895445051053,71.3746700501934,89.6059452753443,100,65,80.4354894136494,89,83,95
78.3676435978097,83.3971536132509,80.1999808668385,100,65,73.5887851247371,89,83,95
77.8208376203074,32.6890185439537,94.4588918369122,75,30,65,74.8476584626125,67.6371557077528,82.0581612174722
73.8595317033584,71.2204093121302,84.8950953891318,100,10,62.8581972271506,89,83,95
64.3019978865298,62.5845129381056,73.823513339857,100,25,55.5836570058746,89,83,95
66.613454537685,100,81.1309866527953,50,45,63.8747172550338,66.5,50,83
80.3162355563813,50.6533368280298,75.8722575368693,40,65,72.5862955247342,61.9893143978838,52.4795137936999,71.4991150020678
96.1307219845523,79.1630199723258,76.3122694038277,95,20,65,89,83,95
93.48920621248,100,84.6409482662071,100,75,82.9150686888771,95,95,95
81.9849738505221,88.4868526389948,90.9527633070945,60,65,78.8026901997807,79.3505189920555,72.3999625600448,86.3010754240661
42.1266588337217,67.9934601907277,79.1187169665556,100,40,52.7278717394355,89,83,95
74.4838454833082,64.876974500244,94.7366389973048,50,45,66.8145131425752,70.6477848550148,63.3412670228022,77.9543026872274
26.4975613716168,75.5938777095603,87.6130325809117,95,75,64.0407058346759,89,83,95
75.9166266588758,99.9166652374509,88.6406654304368,100,25,64.3190797927486,89,83,95
71.4951056331779,70.8564575017565,75.6936020064473,80,75,73.9825416472386,88.7755864503785,83.1795625384849,94.3716103622721
93.815170089629,50.0969450301752,78.5560507097542,40,30,65,61.0110909899755,53.2455375551528,68.7766444247982
66.3768690395577,100,65.2366356406846,30,75,67.9836367090398,66.5,50,83
40.78183662494,84.7934950271361,86.9145734311623,100,75,64.9271236694237,89,83,95
54.7088052538083,77.1240752707287,81.1913819506935,65,30,55.1274985279326,78.283378396147,69.2383839375825,87.3283728547116
92.8254194562341,33.9211858866723,91.9699641510585,40,75,85,60.8158697464246,52.2003072038254,69.4314322890239
83.3919586609427,79.2063524587119,82.4567557200634,70,45,66.4328511635116,83.668160441387,74.8921447124038,92.4441761703703
47.8112174303383,57.1627021250933,75.8297935033633,40,30,50.9050073919504,59.0050561651384,51.2048929650612,66.8052193652156
57.3520551686228,75.1262171401595,90.3587381839542,75,40,62.1616850336724,83.6984137107802,74.2437190600994,93.1531083614611
81.2873855392647,44.8575882580678,64.9792444717906,100,60,66.4068999693519,81,67,95
57.5565628224243,70.7454932411108,72.491323512932,100,35,55.0450588656606,89,83,95
98.9092128199778,99.4487898230248,75.4987042233607,100,55,70.1558450698002,89,83,95
80.4610193762439,100,79.788059884915,100,30,63.4399405592314,89,83,95
55.3750273027505,51.3930975134557,76.4292983081488,30,30,54.0410583016169,57.3622205342231,50,64.7244410684462
61.723749332044,95.1805816244178,78.1665616636149,100,70,68.545324343253,89,83,95
99.5424122131497,73.3290978295981,73.8885287712521,100,75,79.6526652410163,89,83,95
66.128670767112,68.1333584204515,76.0389586387114,100,75,71.632884150265,89,83,95
65.5827311213577,72.4645574254417,84.7115122732942,50,55,66.0436186443065,72.1516252744905,64.0969888416264,80.2062617073547
85.074217514885,92.4757353698283,87.0496052220937,80,45,66.8530307476294,90.5852285646138,86.1704571292277,95
100,57.0867163945197,82.6636828677913,90,55,72.0580802391101,86.6882140799232,82.1993713216494,91.177056838197
99.8246455924042,46.7823269469169,82.19364527862,100,40,65.4339320306544,81,67,95
84.72971021795,74.6165972935389,81.2643055391993,60,25,63.9041886670704,77.2432145604,69.482909474538,85.003519646262
67.8111836783039,95.9267500404662,80.0444114502147,60,55,66.3556612509377,81,67,95
56.1538041007146,90.2949714469828,81.3686875774466,100,65,65.7339874566885,89,83,95
86.0362833947582,79.5936394553346,88.4135140739943,100,65,79.2121650885609,89,83,95
78.3781233812119,58.8654113167323,77.5407195784563,60,75,76.9352193677274,76.9013904767565,68.3002240850452,85.5025568684678
72.5081774267656,81.8753260251345,78.7400444061555,90,65,70.9971611804963,91.0406165789044,87.0812331578088,95
90.1869365061671,47.0272422691829,83.4458898552271,75,25,64.8654094816008,75.3642599077143,68.6769037326813,82.0516160827474
58.3457039436849,68.2293802360479,82.1555526427341,30,45,61.5997879317485,57.640740956845,50,65.28148191369
74.7558448516611,40.3712129412385,88.1780131428726,30,75,78.6248224679972,57.7628906082654,50,65.5257812165309
54.8529593150075,52.5353180350772,65.7961090873815,65,60,61.0849774928564,72.7217448690584,65.0502972527421,80.3931924853746
73.4328783525916,55.7102402016898,77.2018907290661,100,30,61.9096229029668,89,83,95
48.2818146382436,58.1362914185394,85.6835884046454,35,75,66.9488811583424,58.7443489906046,51.2014568312381,66.2872411499711
51.2882224427172,75.4308976644511,81.4727600796325,100,50,62.1958336987934,89,83,95
49.487738461728,57.7579680492594,79.2206137824654,100,30,52.5383498480115,83,83,83
84.0261804391134,61.4908704066612,84.4512335394764,60,30,64.2316873338532,76.2885663131224,69.0495975783609,83.5275350478838
88.8635004800775,48.017458475805,82.320068639618,65,55,71.678326819679,73.5857572459972,66.3562538241051,80.8152606678893
77.6850263529934,57.6932182505828,76.9450604124682,45,45,65.5185199327438,65.3594029326855,56.6380311350231,74.0807747303478
93.96268908082,60.9077208099052,78.9680462645572,100,30,65,89,83,95
69.3633063043369,36.0553145179766,80.2048132840136,100,20,60.3737524425615,75,67,83
70.4150168963169,68.8748918836341,87.6751827682215,70,85,80.768733464051,84.6628128164746,76.6202801483304,92.7053454846187
92.5819558311535,77.10652785654,75.6077417544684,95,30,65,89,83,95
63.1602702506006,74.8178424479703,71.1270740052228,60,20,51.6699528263192,74.95363817666,67.559204982853,82.3480713704671
100,62.7481253853687,82.9402392473852,30,75,82.1276445213939,62.5624342699567,52.8588584369691,72.2660101029443
28.9294884262057,57.25478219949,86.7587865623114,60,45,50.923274829347,67.6181911301624,56.0724204235173,79.1639618368074
98.0983908172386,100,76.8779365378776,100,40,65.3491784480054,89,83,95
58.1153196802141,66.7537862706919,73.5817141353363,100,25,52.5963202486441,89,83,95
81.6573136329296,62.8435949118937,73.8226098240895,80,30,62.8664922889047,81.3975629336808,72.9902372024246,89.804888664937
77.1882071880594,23.2518425590328,78.8792459722464,80,45,65.6816301807123,76.6533559352762,70.3067118705525,83
100,60.0303267977199,82.6313303304891,40,50,69.8468962979881,62.6950368875611,53.3671343749499,72.0229394001723
60.8900023429474,60.7260742410031,77.8681638930692,95,60,64.8196815649307,89,83,95
78.0877317042834,58.593046650528,79.8011521431183,85,45,65.8514157753768,82.2162068292362,75.7704568598819,88.6619567985905
84.6831365574234,68.4911263129339,87.864184981927,70,45,66.8931728843057,82.220448205907,74.4566161911662,89.9842802206478
75.6428434978507,67.0182544580609,85.74057428188,70,40,64.5981767297533,81.123121186065,73.8534282896763,88.3928140824538
79.0179847366596,70.8451987011622,82.6063850884239,40,30,63.6122282632552,64.2197220133983,54.6986812578621,73.7407627689344
81.9475270237953,82.2133918836865,85.4186664782505,100,65,76.3684994522382,89,83,95
70.016583009361,90.3607826353033,82.9914309714082,100,65,70.4226130283541,89,83,95
82.3135344343449,82.0464905565301,87.251455002215,35,0,64.0440794957456,64.174984264162,54.203442129439,74.146526398885
78.3915104582434,93.7205633417592,88.4316037564027,100,55,70.6080298373512,89,83,95
99.0470052675903,22.1526974880874,84.0355020557321,70,30,65,71.0564236973808,65.1191900501299,76.9936573446316
39.6869658043262,47.7062635971391,85.4413632680324,95,65,62.5956912119528,81,67,95
55.9824282752133,15.8826852551406,81.5696534451351,65,20,53.1754290139368,65.2891076851512,59.2391304347826,71.3390849355198
83.3357247872203,68.9788667911864,87.3078876985557,90,40,65.0753214966463,86.2663919206903,82.5101368439244,90.0226469974561
90.8553870051606,100,92.2866988353584,100,60,80.0109963725602,95,95,95
73.9588892959056,46.3001207905079,93.3874826128428,85,50,67.8502137246887,80.4187806138024,74.9327017653797,85.904859462225
79.5145599796045,87.7882398809558,81.3427353458001,75,50,67.7659938687185,88.5130109396983,83.676288920867,93.3497329585296
68.7459962287161,47.4958806697831,74.2797520565597,80,60,66.8359065275463,79.145498061488,71.1960206060197,87.0949755169564
58.0932859027831,91.0933345386536,77.4920343142828,85,50,62.5359224241837,91.3383626535507,87.6767253071015,95
73.5324690930911,59.1421187582273,79.4594163475839,95,50,66.7925380914936,89,83,95
70.3440955249763,50.2093561604717,76.3237892445371,100,45,64.4858905352106,81,67,95
77.8432435490067,64.0087766465661,74.6805625109707,20,10,60.9391667607704,53.7422445033923,50,57.4844890067845
58.527049585309,49.6648724837018,84.4935478143328,40,75,69.7687692773586,61.4761529447432,52.8516405264726,70.1006653630139
90.9154312166039,49.0460620104051,82.6326016168281,100,50,69.1482222664433,81,67,95
96.3146743979267,44.5243041581061,79.0066525656955,100,20,65,81,67,95
78.0284460656887,84.3557645076566,85.3704612527232,50,45,66.2875359587055,72.6937696429543,65.6989518003778,79.6885874855307
76.2502859469915,67.6333304626049,89.1344814461869,100,45,66.4813351106487,89,83,95
67.0703078857006,59.5245560270462,81.7303131297233,35,20,59.776374560943,58.5578530245555,50.7849981796677,66.3307078694433
91.2338229295071,73.6226719820168,76.7858280323304,70,50,68.4351922892192,83.8300456043341,75.4705395771496,92.1895516315185
81.3187198034923,76.8247266168837,74.6704215025778,50,65,72.2629009441578,73.4706555594974,65.019701920137,81.9216091988578
66.3543314155237,36.3698206511596,73.6958010631293,80,45,62.8465887783543,75.8666420689563,68.7332841379125,83
83.4786757593694,57.3112525975487,88.5041001280773,100,75,81.5293172849219,89,83,95
100,41.160089246563,71.806348623635,45,20,65,62.0489913101737,54.6337213026352,69.4642613177123
93.8161670268023,54.4841499015414,77.8127971148988,80,40,65.3319713397003,80.0679551482179,71.207650782398,88.9282595140377
86.3835814434413,82.0393301978913,69.2397667099633,95,25,62.6477953174216,89,83,95
83.8835074953467,37.5295642955843,77.2919021925667,100,45,66.0725202857574,75,67,83
73.2506978666023,65.9767895579483,78.0232126279462,75,95,80.5013882854015,87.460336153397,81.0414994749573,93.8791728318367
100,74.8926472134848,71.1970559112223,85,65,73.5144749653212,89.1191728841449,83.7370219941684,94.5013237741215
92.91813322705,31.2687246929298,82.3776953654131,90,45,67.0988787817606,79.1237440626423,75.2474881252846,83
62.3428371237903,67.6129185506163,77.6542708642289,100,20,55.4025700526025,89,83,95
55.2818448835375,39.7840328829938,89.71182921307,45,40,61.4833944938896,60.4544108177834,52.3567435204647,68.5520781151021
67.2043165611078,91.0679358422241,81.2466306797425,95,85,76.9857834669674,95,95,95
88.9894680343719,64.5225301128949,84.5613205506398,45,30,64.7441091837571,66.6417242389793,59.921548570266,73.3618999076925
100,91.9303493989885,69.8073899751582,40,60,69.8233435444984,71.1603719418988,65.7876475703141,76.5330963134835
80.7204570783076,67.6532290078419,76.3086676160337,100,60,70.2284895690624,89,83,95
70.1609101661403,36.0870238352037,79.2209003456238,100,0,59.8423744814028,75,67,83
100,69.2255273384194,79.0322994763539,40,60,73.4453935817992,66.4287375790473,54.9890451892908,77.8684299688038
92.0348624206529,84.9500119948393,87.9373235045279,40,85,84.5607765172331,76.0020327895187,69.0040655790374,83
81.5638717431969,91.1667171290855,75.4640081131418,100,60,70.0817679522301,89,83,95
74.5023060398294,41.6683344457491,89.0809245168504,100,55,69.3455853163169,81,67,95
72.81719222662,44.1868935485558,83.3030967188235,10,60,69.367052296357,50.9458471974398,48.9712666686608,52.9204277262188
72.4500047733899,69.1953419664134,84.1089558680573,65,30,63.1706690986158,79.3010352650695,72.1349355019142,86.4671350282248
65.8466793422372,60.3721879291173,73.2629630748756,60,75,70.6534146472335,76.6255130859513,68.8264115317985,84.424614640104
95.8201642557055,99.3949866437472,80.0305506743661,40,65,76.8224715951946,75,67,83
89.9899027103183,98.3363216535563,88.6567644791856,75,50,69.5493830656593,89,83,95
77.8074660603115,55.3926144636123,75.8510014684358,95,85,78.9816824580134,89,83,95
90.9075553207102,53.3071799180556,71.6368243552676,100,40,65.1989297907295,89,83,95
100,78.4333316835234,81.2833461943859,100,65,77.1627910778693,89,83,95
88.9233288052385,47.0826132161831,82.6030257619212,40,0,64.4436925211987,60.6925429400212,53.271323267257,68.1137626127855
66.8056318705946,94.8210254383702,88.9909628304058,85,10,62.396195574633,89,83,95
73.4995698091771,59.3443892178132,78.6083327640499,10,55,67.7613423374966,54.1793929866373,50,58.3587859732745
62.7228587683388,79.6700172318744,86.6455851965916,50,75,72.3424443342723,74.0913353838137,66.1561361852266,82.0265345824009
90.6291879655521,31.4532091844609,75.8540771096877,60,70,77.9854342839076,67.6656199571613,54.3497367440316,80.9815031702909
78.2466081466536,69.4185826525676,81.2386636187006,70,85,80.4578981229033,84.7684207393706,76.6250807910839,92.9117606876572
55.3725842617106,62.2839833130865,69.9812747310099,100,40,55.1540683315523,89,83,95
85.531508520866,68.1212832861675,83.0400951226558,70,65,76.8012948789244,83.9215558991168,75.2485457826226,92.594566015611
77.0717925897254,50.7438121399124,74.6617213407569,70,30,62.1070954300417,73.5633509336509,65.7846836928741,81.3420181744276
70.179337114943,87.5581759389568,83.309832079337,100,45,65.0992679687084,89,83,95
69.9277300702526,86.6928490336028,74.5464419640531,75,50,65.6696997195639,88.2902626667876,83.4953869808158,93.0851383527595
82.9027090712757,46.8284711633869,79.6310249373727,40,30,63.6964087201375,60.5345423120086,53.0105639973506,68.0585206266666
75.9106988750784,49.5788971744188,76.5082607038585,80,45,65.2695612438505,79.1789560401752,71.0585650317752,87.2993470485752
93.360046575886,41.9221240005409,69.0919073300813,95,75,77.0457799379463,89,83,95
75.7284067488075,71.009917666678,85.3158909047362,100,35,63.9938546230415,89,83,95
98.2465731740002,69.3321356889308,74.8768949970494,100,70,78.0769121082224,89,83,95
79.6382962284642,68.3466000456464,74.3176172880405,100,55,68.0604539671846,89,83,95
76.3262164998617,53.0883932900473,85.6546603570042,95,55,69.3589769778451,89,83,95
99.1188686815912,57.2479349051634,69.5445534923446,70,85,81.2057305481,81.6991784500378,71.6618458197105,91.736511080365
70.0699622353068,67.3312868435982,74.9672851955961,90,65,69.2480343438086,86.8434893397794,82.5941312284013,91.0928474511575
58.513516729702,64.887063832745,78.3844605940044,80,30,55.9282568189966,80.1389926141312,71.348481626499,88.9295036017633
55.193396254874,87.3871798904666,67.9733794841624,65,65,63.590617474111,81.5748882237865,76.0577614117564,87.0920150358166
91.178410020118,40.1340835302558,82.2420146106414,50,35,65,63.3613273617654,54.4604525954386,72.2622021280921
81.466545710277,79.5973817528966,81.3817193459697,30,60,71.9279651800539,66.0477746477822,52.7888018195265,79.306747476038
88.3328663828984,59.4841673290022,76.4381767357866,40,55,69.8924594873446,62.4596906427939,53.1374707779619,71.7819105076258
53.2133318299744,60.8416387137573,76.3790987906007,85,65,64.9550956195398,82.7912633300951,77.0666801812078,88.5158464789825
55.8661360323877,82.1579202898142,80.5879141022646,100,55,63.4434277538979,89,83,95
29.1552105889715,68.1435533927534,82.0553987139472,80,70,62.1035950671273,82.7576310091965,73.9745632501772,91.5406987682158
67.2374603110233,89.8842438482593,89.0118384592849,100,45,65.0727477655627,89,83,95
79.812485242046,32.1239440984321,75.7677878003756,25,40,64.0671581192968,47.7773495568625,36.4639310623378,59.0907680513873
69.7029128113192,37.6920932404263,87.3356446807626,75,75,76.196095934426,75.3533168054178,67.9175708726337,82.789062738202
73.6168443340249,76.3023413208502,94.5508854147717,60,65,74.4597048179785,78.3873730805001,68.9735106539512,87.801235507049
98.9014041147025,72.9329915489608,77.4621875191155,85,75,80.7694335997236,89.7943560245673,84.5887120491346,95
67.6041812478583,46.1794557158425,75.8831360260578,70,50,65.092295784535,72.9966971315323,66.1604862483863,79.8329080146782
75.6104656965976,46.0634335425743,78.7271691000068,85,55,68.2375901370213,80.436795720677,74.9093752621724,85.9642161791817
96.8614391556352,35.0517990740401,85.7740492498487,80,35,65,76.0107855852719,69.0215711705438,83
71.3061879032764,91.9609157416667,73.4055340958606,50,50,65.9356056123201,72.1970458434218,66.6486255391053,77.7454661477383
80.7982699614142,48.1433112318857,81.8629192793731,50,55,69.7713694504714,68.1423692851073,58.4818861129778,77.8028524572367
95.7761003598604,55.7649538908288,87.6564788218259,45,45,68.2128828991799,65.7638545259195,56.244708293181,75.2830007586581
100,51.153963033436,75.9232586172654,90,45,66.9831943692108,84.0657664102741,81.0232546979159,87.1082781226322
59.4573440737683,54.8697618422137,85.9915710064526,75,40,61.1168768147682,75.7590188700046,68.576497368047,82.9415403719621
100,40.1781416516169,79.2134101320612,70,30,65,72.5305061375296,65.1915221369867,79.8694901380726
74.5095867105181,66.7133798667814,73.1193499744913,95,85,76.8237809620054,89,83,95
70.3097305892319,32.9339215287454,82.441032072877,100,30,62.3772396490301,75,67,83
74.3044846161163,72.9392944582714,77.2892918327487,100,40,63.679300243696,89,83,95
100,45.9163062456067,100,100,35,65,81,67,95
74.7180441041651,66.824807248427,74.9184040981508,65,70,72.9852209087716,80.5402788612576,72.5170048780704,88.5635528444448
69.7635665183188,90.8856183160548,84.2136016690529,100,35,63.0525234532818,89,83,95
81.7277279783765,76.3349971298003,82.9690299071229,100,35,64.1336292275596,89,83,95
65.1279375328846,66.4052524487373,67.61516567591,60,55,63.4892009334982,76.8190229225995,69.8983397934754,83.7397060517236
54.5932898039166,54.7321102132189,62.4011629262163,95,65,61.644010124822,89,83,95
58.6561029462147,58.4619904564766,88.0426111081329,65,40,61.5503066760284,75.9587461719813,68.9259286947671,82.9915636491955
56.1615274360182,69.0751756652436,78.2244251083144,80,30,54.9730363191739,81.1897184210991,71.1212010839387,91.2582357582596
60.7177564981888,91.2362025782522,77.1867026509752,50,65,66.2980155407593,72.2797556531082,66.6641492446162,77.8953620616002
54.2921787090614,73.4179892161384,72.3064961666739,30,30,52.2749271054991,57.9774880294367,50.0403676107268,65.9146084481466
79.0659161863313,73.4459773422711,79.0318866807215,95,25,62.918685533099,89,83,95
56.7606144431874,78.3582591251129,78.4489007963189,100,55,63.3016589786718,89,83,95
68.5748643705289,63.2565783747217,81.0899468457208,100,30,61.3388014290813,89,83,95
100,35.4225509573548,80.3602085264376,75,75,81.5274595674899,75.5158103392395,68.1990949687434,82.8325257097356
73.7794084574865,66.8077194607995,79.2021086017223,100,40,63.8470816098532,89,83,95
90.5000598267212,100,72.4395724275716,60,30,64.8330599924544,81,67,95
58.0478469480929,41.8291806687753,80.5968602999738,60,45,61.2513049686893,65.6995098681278,56.1448548003848,75.2541649358707
65.301605457882,80.5389645497312,82.5706852067218,95,65,68.3931697293462,89,83,95
44.374421365399,53.7978214613107,79.9856089649347,75,55,60.2669915536546,75.488921771957,68.2194637161367,82.7583798277773
62.3547905118724,66.9791717709331,81.0596848591813,95,20,57.0424218675503,89,83,95
66.543135029618,42.288394850067,96.9504166013622,40,40,64.1897972725667,59.9841306684054,52.2387764262499,67.7294849105608
70.0638482500303,60.5861035657041,76.6887150338501,30,50,65.9161550354696,57.3789322567638,50,64.7578645135276
54.9539301453186,67.2054832447629,77.9910240312604,70,50,62.0576716180306,80.3325964660876,72.3143687975016,88.3508241346737
56.8261008022381,86.2708086473613,71.118642780107,40,10,48.7610009772798,62.4925017400706,55.0640389164566,69.9209645636846
73.4779180654818,82.6659402197579,92.9945263771078,40,45,66.4109517036919,67.0416939248367,57.6925321186979,76.3908557309754
53.185147683842,87.7958856419761,70.7128798969937,85,55,61.2164084625535,90.3922536014609,85.7845072029217,95
71.601770595537,56.3566911638852,89.9326918699049,60,40,65.0200004551731,74.7712082622762,67.6574393911619,81.8849771333905
75.1277158118804,52.5815196955664,79.1418504273838,100,40,63.9606795666397,89,83,95
82.0369390332286,58.9170243822917,75.8939273799959,80,45,65.7660597803547,80.8990204269827,71.8273687954259,89.9706720585394
64.8088399554776,100,67.2093207867786,100,65,65.5653005932175,89,83,95
88.5480355837709,100,84.551852763465,100,65,78.6577647594168,95,95,95
82.2694432344607,66.7399434847194,88.6062510847069,40,30,64.6153126452765,63.6071136847111,55.8300085993232,71.384218770099
55.4798493762869,90.3653679561502,81.8030349485472,30,40,58.9612467766301,60.8334810166169,54.677712876061,66.9892491571728
85.1985615587236,65.6181659095693,75.3112895110609,45,45,65.9685559749985,67.1274095162007,60.1714589886495,74.0833600437518
91.7595841436898,70.4918416912531,80.7474008005686,75,65,78.3524125169071,88.769869352077,83.1256226055415,94.4141160986125
81.5515954465761,30.0916284876822,90.7705334618472,60,50,69.0448474426694,65.8597646325331,54.1345120337423,77.5850172313238
87.734900354761,89.1612125921716,73.7936661857108,70,45,66.0556116647791,85.3421213085946,80.6602900431315,90.0239525740577
43.5759771904799,39.2110826789867,82.6579389770687,75,50,59.2981487012309,74.8148035750665,67.4688019659535,82.1608051841795
61.0157714250478,85.2021732504362,82.5133042700917,80,60,65.212006383016,89.7189416876874,84.4378833753748,95
64.7681390920045,75.2656865029154,81.6689379845403,60,85,75.9824575977625,78.4218638360751,68.9582288610253,87.8854988111249
74.5015377248309,70.3997720568467,73.2895131016359,100,30,61.1344979746316,89,83,95
82.2872419830746,49.8916921988209,71.2542586490915,100,55,67.5518465827164,81,67,95
68.7201487758815,56.6660572015122,81.2371449255942,30,60,67.6735651585345,57.5854564151148,50,65.1709128302295
72.794239159904,53.0006256966182,79.9467179633846,40,50,66.7159864130984,61.4012948896026,53.0877916632798,69.7147981159254
79.6925853396005,57.5363294797337,73.2274431298528,95,30,62.478236203458,89,83,95
62.7319889266077,43.9997139170124,72.3435045316782,80,40,59.274576143619,76.2354470765597,69.3064193015926,83.1644748515267
68.6560296352766,83.8960561370474,82.2655802086236,50,30,61.6229643454453,72.2167129867269,64.6871858278279,79.7462401456259
87.0735072453025,68.3480789068292,81.1874111731862,95,95,83.9197117204883,89,83,95
100,47.6114352050818,80.1603316459597,100,75,81.4851540458864,89,83,95
75.7096545969296,60.2422709505592,67.123821296031,60,10,56.3894804826559,73.3198193460811,64.6887489429293,81.950889749233
75.4696057844606,59.1691665161534,78.6104653276935,100,50,66.9903091188386,89,83,95
46.9423847729659,74.6399267604491,75.1709462878513,95,65,63.2307820797024,89,83,95
72.9699092772118,65.5763120260479,76.4741824992651,60,40,63.4491186860732,76.788010236009,69.9293258642792,83.6466946077387
76.3317133510421,100,80.6554390557855,55,40,64.1787905371282,75,67,83
69.0382868043754,64.7966815482802,77.949415946955,70,40,62.7365241084519,79.9098772243958,72.5631722340278,87.2565822147637
61.1675222954651,97.6741899123864,71.8497019062198,50,35,56.3959419656091,66.5,50,83
71.4581848020551,84.0366239817595,83.6590369456186,95,40,64.1089109219792,89,83,95
51.2050222024594,47.0194342312948,77.487131910407,30,25,51.4827764329948,50.5980920251271,38.2792896081716,62.9168944420827
62.8045900230785,88.4407309883463,73.2756908816574,70,20,52.8485321714741,83.1243215865449,76.7309859860701,89.5176571870198
68.72013212615,40.2830758152083,84.2086844103113,70,50,66.0905107047403,72.7012642979653,65.2313134957161,80.1712151002145
66.7002896775773,87.4618832102489,69.6759483960282,80,50,63.8283204284446,89.8901970513232,84.7803941026464,95
62.8405784954473,56.1087385432223,78.5027958668125,75,35,59.2221500739438,75.6115499698144,68.3896602492044,82.8334396904244
89.8364238484617,89.1430915133813,79.6919994386395,100,65,77.3960268749627,89,83,95
79.1971541286905,93.8923481904238,79.1003695703652,55,50,67.5569308054624,75.588382464123,70.190178955992,80.9865859722539
81.9140587155441,75.6862320107581,84.7305941269429,60,30,64.0898549725798,77.3106467990878,69.4633022387856,85.1579913593899
90.7427986997943,76.9165613831539,82.72532581089,90,35,64.9669031816228,89.4424318150134,85.0026015275965,93.8822621024302
74.9298258623048,47.7199114243945,76.3757013360505,70,45,65.1451161571955,73.2809791694111,66.2022681708636,80.3596901679586
54.0786293684728,44.3478602918821,87.4134412701046,100,20,53.3413924917828,75,67,83
77.2243134357578,63.3020818035045,86.7203462677054,80,45,66.327583800513,82.7211797199054,74.6606269798772,90.7817324599336
79.2689516910459,53.2341470479338,76.8052323666371,100,60,70.1359752907074,89,83,95
87.4837753872179,73.1925907015147,86.9869209327015,100,20,64.6653334362248,89,83,95
71.6116649881082,47.1837587582962,78.6722744543625,100,40,63.5967676041288,81,67,95
60.1698539948359,96.7104597287487,85.029150978793,40,55,64.539779510102,66.5,50,83
66.829863067966,80.1151087143582,86.7438356898588,55,70,71.7730342075153,75.1902122420692,67.8014024627559,82.5790220213824
64.6837526152215,86.592567671342,80.7898148496499,50,45,63.2867480529355,72.2881045002847,65.7618880809974,78.814320919572
82.5809508176039,42.9284959376051,80.4175598266483,80,85,81.1891876192396,79.9715550944688,70.9264170606235,89.0166931283142
77.3115445014633,82.6390742986509,88.0056646214234,85,85,82.1357461783748,90.3263340863631,85.6526681727261,95
68.3717753609434,94.2851058465128,70.9099244169161,55,50,64.7980709350706,75,67,83
93.1828384174522,64.5529657936829,73.3490467396267,30,80,81.4236303988176,63.348932687345,53.2638726057349,73.4339927689552
83.586588749122,75.5980206421114,85.7396679357973,80,75,80.5732796540715,89.3317767675693,83.6635535351387,95
72.7440295461054,88.8050772323453,84.4375752874411,0,85,80.1497871405464,58.5,50,67
62.449031869851,49.0662514835179,68.7553915219961,100,35,55.6880252193343,75,67,83
61.3872634585882,65.2897481610036,83.6857210678765,80,70,68.9498837930152,84.1590254096251,76.2728075018606,92.0452433173895
63.453414211016,55.9392040423312,86.5913092224193,100,40,62.4983330042457,89,83,95
51.4761768326958,38.8874374117163,89.8890650367258,60,85,70.0230484121412,67.7009747322407,56.5299250555681,78.8720244089133
68.1786377614466,60.6312206610475,81.0607580536929,50,30,61.158426952079,67.9651134525224,57.8595128345528,78.070714070492
60.9599140697906,39.0633286957018,78.7988268010646,70,45,61.8011542956174,72.0393479857601,63.7872573539527,80.2914386175675
68.9551547266746,35.6207265290429,75.8948158519171,100,10,57.5521037186232,75,67,83
100,49.4442397833654,68.0870709491227,90,30,63.8254318343237,82.7862822031716,80.4727074028993,85.0998570034438
67.4302970517588,77.9794834771156,66.701537013571,100,40,59.2986650100396,89,83,95
75.3003056145093,69.1473649778318,66.9545159688722,100,50,64.8352275786679,89,83,95
69.8626074755898,80.3630425282375,77.8420164540315,45,30,61.1211511952849,68.0087864332054,57.9360384684789,78.081534397932
100,60.3831529100363,78.6181519837107,100,55,71.1306724949096,89,83,95
100,44.63147723284,84.8538177308421,95,60,75.1866253809605,89,83,95
78.1379655818607,65.5923253770821,70.0946528661037,85,60,67.8451729988163,85.1195453508973,79.6541280404432,90.5849626613514
100,62.2064527947564,100,95,55,75,89,83,95
63.9472737832427,28.5494061798198,89.327155284012,60,30,61.858717499695,63.4593480591661,53.7473465157005,73.1713496026318
55.5367325287223,66.2124689204831,80.3569122149436,70,60,64.0965147366997,80.7410986665587,73.506884985998,87.9753123471193
86.2490591837818,73.2489930858653,85.3363996976203,80,85,83.0084191721491,89.4909775442199,83.9819550884398,95
100,72.853288270186,73.8702618993108,70,45,66.7426088163255,83.1853663340303,74.8884195238567,91.4823131442039
77.7192952752512,46.337113588637,91.0477111286804,90,60,73.6916081261415,84.2902208983984,81.0317537295834,87.5486880672134
78.2259302583019,36.0021547941462,66.8426444362517,75,50,65.1201091150508,74.8631396774427,67.7601374006963,81.9661419541892
60.0026555340406,76.0843636013594,69.9442899955172,90,65,64.9837730399684,89.0757822811395,84.7009609753143,93.4506035869645
83.1760848351214,63.3483088378738,70.059956345403,50,50,66.3797223468356,70.2239658112553,62.5172351009563,77.9306965215543
47.0348239795891,38.2238802485376,74.2061975632439,55,75,65.5165411384637,64.1078629308602,54.3307246399008,73.8850012218197
64.711066794397,100,70.0326772509536,70,85,70.5076758671702,81,67,95
72.7558083412584,33.9743208584211,85.3577088398056,10,55,68.2459760945375,46.9050158182638,43.8100316365276,50
75.4561960677552,74.284656173638,79.0153817982668,20,50,67.0360215078111,58.1639139624863,51.7622437157021,64.5655842092704
62.7130998409476,92.4951037570472,83.7928525059467,100,20,58.3318030570135,89,83,95
52.6235819903873,55.2304240223557,70.7986706866751,100,45,56.6404245540337,83,83,83
81.8812202283004,55.1580240763207,88.9648377778898,95,50,68.8023956612831,89,83,95
70.3998856377517,32.9890481787674,88.6585898276091,85,30,63.9880520984164,76.7435989082295,70.4871978164589,83
78.7749574453005,56.1424994919702,80.5683198522021,100,45,65.9830377781526,89,83,95
47.2054255914091,49.782253085588,91.4902110829368,70,40,59.557113159993,73.1222023343167,65.0565408608393,81.187863807794
74.3029434148486,79.6260313658053,74.6908631829472,50,30,61.4340739713524,71.8832927060975,62.8870941117967,80.8794913003983
76.6717298813202,34.2908247546633,70.324166054501,55,65,69.7082726694018,64.2134280418102,52.5705831673208,75.8562729162996
57.3344343548936,65.6723754267286,85.5003947777941,100,40,60.4356425906286,89,83,95
67.8370020351447,86.0261013234423,76.564784672492,60,40,62.0844924055275,77.8389940112577,71.0592101382495,84.6187778842659
57.1818767129319,69.8062374091196,86.5437423997402,65,10,55.4329475002685,75.6294572938344,68.6704812481819,82.5884333394869
53.7194997313068,57.6759321953372,76.7157858371845,70,65,65.0480034659696,77.3549759621965,69.9948259836636,84.7151259407294
89.7466763225657,74.0318803235155,86.7743180458112,100,10,64.8693264842888,89,83,95
64.9469586560693,67.4995919976479,69.9898366175464,100,20,51.7927082857638,89,83,95
81.7439166331434,59.1715600398753,70.2442767573369,85,35,62.8072850084671,81.0491397451245,74.6832466279313,87.4150328623178
68.641790714972,33.4702413923836,84.1186916154496,100,45,64.7620778317428,75,67,83
76.1720097099534,86.2530822784169,82.7335809749795,45,30,63.3100819656089,69.2511095676402,62.8884035779102,75.6138155573702
79.2889197823693,61.3393521505075,72.0504076208936,80,35,62.8710225633426,80.81528891651,72.1294692316862,89.5011086013338
73.5232758284665,49.2816264591837,81.6792325768944,100,20,62.011492137302,81,67,95
69.3267415317659,56.6259838333168,95.5644140345482,95,55,68.2271067286768,89,83,95
71.4516611732498,59.8192709008318,70.829179258776,95,40,62.5153872519886,89,83,95
100,77.4936371024909,78.3505646826559,70,50,69.1573478810393,84.2977415357916,75.632608030925,92.9628750406582
95.0001639293888,77.5921501670083,77.232077158522,75,45,67.1365715420143,86.7163263560026,79.4822161686686,93.9504365433366
94.2665561277283,96.6095740389744,74.530404348229,80,40,65.3033282099263,89,83,95
44.7876958963633,43.5615253408935,67.153257529505,60,40,49.0533220755756,63.7804443176924,55.0154729478191,72.5454156875657
98.8897849140836,62.1351861106003,76.7010354229857,75,40,65.3457233481052,81.0088201285047,72.6991440460465,89.318496210963
88.2987114445316,63.954455696509,78.8887347048298,70,65,76.4075371141689,82.6796336487893,73.7196621980117,91.6396050995668
62.2420086355426,23.9488829658434,85.52419267094,55,50,64.6021953540633,59.2535244267388,52.6739661522746,65.8330827012029
40.4547411237377,48.780251063343,81.9795536879746,50,30,48.6160355044543,57.426286186738,49.1553643114617,65.6972080620142
89.1959278247826,84.5548504676282,85.8614252389567,100,50,69.1783163695318,89,83,95
76.3061469869247,50.7927703514512,73.06109855468,100,60,68.3919598032655,81,67,95
96.6755727881751,67.4773237003638,84.8570006062375,100,50,70.2595342228714,89,83,95
50.8433508608927,50.965255580929,80.7420335558398,50,50,61.9503770292226,66.2387816885683,55.6561199412456,76.8214434358911
93.0268163829614,20.902800049626,74.7384634017238,100,50,68.0099489889034,75,67,83
55.7028856051331,46.6101430621301,68.7226905995517,95,40,54.7049430830975,75,67,83
52.4449688060677,83.9427640822329,81.1019663612635,100,45,60.2617854587861,89,83,95
65.2256294981442,72.8001104354819,80.9549087404633,95,65,68.2663655647463,89,83,95
85.1313890606631,75.0950919344862,75.1062386008299,100,65,73.2199111746941,89,83,95
83.8415221360782,64.3583868291707,74.8339584883262,90,70,75.3673310585036,88.7092151467304,84.3226156663975,93.0958146270632
76.763966305649,47.3146611178243,69.4063453108874,30,55,66.5186673277649,55.4048349805359,47.2558373518718,63.5538326092
69.841160302811,68.4664632292699,82.4547563432249,80,50,66.2729089724116,84.297410927723,76.3995674429825,92.1952544124634
94.1855320098976,62.1981433906714,89.7008352332111,85,65,80.4875494643723,89.4731188998826,83.9462377997652,95
68.9397751033271,80.6050130425082,90.213898344506,50,50,66.6877694824903,72.7281011983858,64.7051719311958,80.7510304655758
88.8155960636012,50.661916573105,89.5161313590296,100,60,78.0455403985199,89,83,95
71.4483088508365,64.6074633076589,77.0823962844217,100,50,66.2948147856176,89,83,95
65.7282136508109,31.8772867465392,72.2489774187492,65,50,64.1304152127183,67.8933948950337,57.9069133629778,77.8798764270896
73.0278845464374,57.3654685290288,75.6040756945944,90,35,62.2774159687993,83.446132777838,80.8200580108466,86.0722075448294
65.4023108259149,82.2293058533983,84.8931567531733,70,55,66.0073148015485,84.2147818003926,76.888291896946,91.5412717038392
85.6559683389754,62.9002402347627,74.6420458599817,100,55,68.8474564615376,89,83,95
75.1366133212978,56.3293157614138,81.6680927983324,100,55,68.4702637994423,89,83,95
64.6623497958555,55.0724663759255,75.6942430029704,100,30,57.7690710709876,83,83,83
91.2336597347392,62.8032389286862,82.2130760475028,50,10,65,69.7183765629805,62.035054152885,77.401698973076
69.4376680257593,97.5732720337719,82.7878241834694,40,85,78.5238060488958,75,67,83
75.8634214430102,78.3965798515989,88.8963609081431,65,45,66.4108173946499,80.8738681697775,72.0514842682459,89.6962520713091
87.9050401512836,79.0544410563878,87.5587051328728,40,75,82.5728320640566,75.0082062477862,67.0164124955725,83
81.0033475905849,86.0046550301305,79.6941590528101,85,50,67.7508455888597,90.650858244468,86.301716488936,95
58.6667039521043,44.6139505209348,87.2545713722736,100,35,59.9200682611037,81,67,95
91.5288060877376,81.4723426681029,83.8283701129948,90,25,65,90.9073277217581,86.8146554435163,95
82.6207453450499,63.2834174514815,83.2311117826755,100,50,68.205651438724,89,83,95
65.5755923514265,53.6698902459534,82.716769114121,100,10,59.3513107504573,89,83,95
64.9604672198835,100,86.936942968272,100,40,63.0060142436017,89,83,95
96.26700415084,44.6253697460386,77.6922818914502,100,85,83.0806175804976,89,83,95
80.5061803546504,98.8038372151556,87.934802601168,60,40,65.0375784729387,81,67,95
77.0149340844684,61.5556022645193,71.3624866539948,30,50,66.27760216693,57.3983113757547,50,64.7966227515093
94.6965625800231,73.3888699785779,72.9457930504922,40,40,65.2723787705174,65.197407174534,55.2382709369637,75.1565434121043
100,73.5465993072165,81.0631011774107,100,55,71.6807187072125,89,83,95
53.7338696597033,87.9892475898414,87.6481907427995,85,20,53.0987514362236,87.5452097258018,83.2379600866142,91.8524593649895
64.1099345360628,70.7854816971535,68.3521372218745,95,40,58.5729230679186,89,83,95
59.1286025969769,76.2074566871262,66.2296016163986,50,25,49.5752637965806,69.839345765151,59.477821987387,80.200869542915
81.390937285064,39.7863930877148,71.9857191163438,100,65,71.1261906034545,89,83,95
60.8479467918301,66.786808397644,76.6201404681397,60,50,63.154630176242,76.774143317328,69.7672167064553,83.7810699282008
79.0783074964389,54.048680272155,86.9931185557453,100,55,70.4910976318468,89,83,95
87.0355762758843,96.5335288205533,76.8737547291368,30,65,74.7077709907913,75,67,83
98.109462499358,65.7045692618586,76.5106926766922,70,20,65,80.9124069620949,74.0412298605735,87.7835840636162
71.344250479115,69.2145672600574,76.2227281681239,50,30,61.2054778161904,70.6743389297448,61.9645412888382,79.3841365706514
90.4568210953051,55.2851206539035,73.0282554942586,95,30,64.8243311034734,89,83,95
59.4949442579526,31.3562958322575,85.9351750568139,60,20,57.2595353538879,62.6107474908265,52.0405663496199,73.1809286320331
90.1878949796395,80.8373805366368,80.2183595762001,65,30,64.8367324973241,80.8637880820366,73.0810691318441,88.6465070322291
55.7285561824151,27.9134874276459,80.1795321573577,70,45,60.7128088434457,71.232446286551,62.568104429898,79.8967881432041
70.2481152220542,51.7663344316988,79.674589268213,20,70,72.6283065270653,55.6465705415672,50.0338016003708,61.2593394827637
89.3657131221795,77.8020414307195,81.0673058115641,80,25,64.6657390868253,88.7654222521396,82.846046431977,94.6847980723022
59.0882444835976,56.3436907668362,71.7487582923232,85,50,61.8969004089502,80.047264480851,73.6449411248483,86.4495878368536
63.7825993083744,36.9277832954938,78.7639291969654,100,75,71.3456191316253,83,83,83
88.8912278164449,46.797029826863,81.9265446353486,90,50,68.7958592062244,83.3281235687405,80.772190267102,85.8840568703789
77.4762119677089,95.3321202959679,72.5175744788596,90,55,67.3953613097841,89,83,95
82.271196030626,78.64347909548,87.4299168259491,70,65,77.2808202842829,85.1022165601521,76.269831407355,93.9346017129492
84.616007448056,48.7964033182295,92.3104126127279,35,65,79.8776324503935,58.7219525342743,50.9023358343453,66.5415692342033
77.5042114647473,46.9101502577846,74.6490828314294,100,40,63.7374306539242,81,67,95
62.2139712462981,38.9018120735909,82.1378671076528,100,55,64.8624191620584,75,67,83
64.6524653373369,79.4104132481565,70.5048348429256,100,35,57.56293055122,89,83,95
47.3551570862062,71.9881370916143,76.7302545112106,40,85,66.8463054607382,65.4647164562112,55.1551062640916,75.7743266483308
90.5173426178318,51.7694988308183,76.1092412072702,40,30,64.8689774032303,61.132240601864,53.1505385661212,69.1139426376068
77.6475972523461,51.3332824274008,75.7012095449506,35,75,76.0655055759917,58.7087058041226,50.7660582745414,66.6513533337039
70.812623251578,38.8848023782175,88.3116622109616,95,60,69.1705193646397,75,67,83
73.6676804898757,100,81.0405865669456,90,55,68.0426350085948,89,83,95
98.4360583003223,47.7053702112501,73.7456120655411,90,55,69.6080037704816,83.7863254707206,80.8541231951021,86.7185277463391
48.2834236317667,76.3967166140549,83.3556942616908,70,10,48.4582347749534,77.2697837612336,68.6869028642179,85.8526646582494
77.2345483947308,80.3761348792735,70.9997791522591,60,0,59.6227324368536,77.1373339831169,68.6335118131504,85.6411561530835
75.1343456552117,56.2821495475638,77.5553066152826,90,20,61.1164006917203,82.8311298286756,80.3937887912888,85.2684708660624
78.7145626721953,61.0475269271856,82.4735566559255,60,55,69.5015339888551,76.6012201544304,69.024828618966,84.1776116898948
46.5016814387123,48.1753508007489,85.2405873224766,100,20,48.2463414149239,75,67,83
94.0078682305239,70.1447473107399,70.0762954923962,100,40,65.0178817560303,89,83,95
85.003379566671,72.2593681473152,69.7802343959802,100,35,63.2097106231457,89,83,95
80.1017069171024,81.6590527371817,91.2458400756851,90,50,68.9791372937117,90.9684346841845,86.936869368369,95
87.5924595461045,66.8200234848265,77.327742456785,100,40,64.8870088742996,89,83,95
80.5455376940917,19.3126934996433,79.5038221618937,75,75,78.0945607378011,74.8219957955162,67.9638594071299,81.6801321839026
86.2822980479911,88.0869504448179,72.129747634559,40,10,63.1418871426403,66.6010637012692,60.0714945195421,73.1306328829962
53.2829982583294,74.9717412164051,82.8795462223586,70,50,62.7134955333394,82.1138721195178,72.8599169329806,91.3678273060549
78.0224633185433,52.6121374171334,70.4254851263836,100,50,66.1519351677074,89,83,95
77.1155914742163,80.4344849055671,74.1922945221818,80,95,80.4420888821273,89.3614949518831,83.7229899037662,95
73.4345854457144,71.1742193576071,87.696872853922,60,65,72.8395546980246,77.9300916670309,69.2667005514069,86.593482782655
80.4735973560774,73.6079271999201,85.9754711358467,70,30,64.1523331214958,82.4351185517339,73.845927470708,91.0243096327597
100,80.6409020059724,89.7926934031444,50,30,65,72.5135965998258,64.6925595586718,80.3346336409798
100,86.7808396410684,83.1085335935012,90,30,65,92.1478755019534,89.2957510039068,95
73.7839939357483,70.6957460737246,76.7576599871483,100,65,70.9209724754592,89,83,95
62.5437039754498,56.5601796012736,77.9378339045795,35,60,65.3583973355231,58.7034812431636,51.2598186169217,66.1471438694054
88.4937687078451,59.8674577924712,86.9161800654513,90,75,82.5697320559182,90.19115191592,85.38230383184,95
84.8664821531598,94.4035395434257,83.8094423647998,100,30,64.2533302062419,89,83,95
49.4157809869013,56.7488596858716,79.5789134680841,80,35,54.3892084956828,75.9967272096984,68.9934544193969,83
90.8151567009233,58.2127411433799,78.803664667446,60,65,77.4626266348328,76.7735126644755,68.2431554504106,85.3038698785404
88.4400408851764,60.5860284357129,93.0558475162396,100,45,67.2414833940912,89,83,95
75.5980875653757,61.733842194774,95.6169078185397,75,30,65,80.7614219087188,72.4452260688896,89.077617748548
79.7421027673315,69.1511993110448,80.4918073858123,80,45,66.0506134711751,84.4387061898541,76.5156894539246,92.3617229257837
70.9577908562034,85.3352050154144,76.2724884091412,80,40,63.2059856001384,89.5477282029507,84.0954564059015,95
48.066190290113,37.448257944164,83.639114056436,100,10,48.3798552570841,75,67,83
70.0000866486527,36.6871988353951,82.277444131147,100,30,62.2082676815761,75,67,83
94.2980335251663,46.5025263721282,75.6135122633443,100,75,80.1917225822951,89,83,95
49.3727098296269,70.8057514052679,76.6658965797259,70,25,50.4845991475116,74.7073184110722,66.8683151949225,82.5463216272218
70.9843541193168,86.312599550867,89.7412570896953,40,75,77.7190155855509,74.9261793948811,67.5197060826996,82.3326527070625
70.740161893212,49.1227354020116,73.3168002521291,20,35,61.3206083585412,50.9828887575405,47.8950328961835,54.0707446188976
77.6546057908793,80.482217771414,79.648108452603,70,50,67.3912647885522,84.1927949809974,76.0116851657355,92.3739047962592
100,100,86.1171547275622,65,45,68.0141247585973,81,67,95
68.1713360206086,80.500240323682,75.20506711382,70,45,63.6346375319135,83.1843704001266,74.6110711653099,91.7576696349433
68.0747781178356,92.1071752901223,71.6029514635392,80,75,71.1208920287154,90.3520190314336,85.7040380628672,95
93.6028346874745,47.3195856598706,74.2206788647581,95,60,71.5526338604748,89,83,95
72.5696635321279,75.6387610552627,89.1507478159075,30,25,64.3480730529066,59.4221522861206,51.2085937022953,67.6357108699459
70.7912181947335,60.0313079057676,74.5081317163932,30,65,69.4229945542789,57.7807442950477,50,65.5614885900954
71.3344626386805,92.7116491789225,77.5934464818494,65,45,64.8813925287809,82.4224706425717,78.4684931731719,86.3764481119716
63.1902300858781,79.9762494053856,80.1439612233723,55,10,57.0096522885529,74.9127230160029,67.4952620970921,82.3301839349137
58.7487046805217,75.6384069953837,87.0137863134107,65,35,59.8627193741599,79.4606971514916,70.2222939431878,88.6991003597953
74.9545729522584,68.7547841403095,81.1044112587166,100,45,65.5904667563763,89,83,95
73.7609619915204,49.1931750300215,87.07297457507,75,0,63.2316507338889,75.3294892630573,68.2756713676538,82.3833071584607
90.0732648677914,68.6653430959138,81.9290560171771,85,70,80.60401737154,89.8019751329459,84.6039502658918,95
66.3164740694777,86.9634732915339,83.6459084776493,50,10,60.0166800772649,72.1008853117773,65.0389931104851,79.1627775130696
77.7913745563197,93.1802416838912,83.2125900272049,50,55,69.376847222003,73.002191147294,66.845305638457,79.1590766561309
79.1379319000097,28.8164564093371,88.8707297129827,100,40,65.1000035583794,75,67,83
59.9957823483231,54.5071616963807,85.5407474236874,90,50,64.0364368343482,83.7099037836749,81.0761948505728,86.3436127167769
82.6660865156381,37.2125833425235,77.8937775005146,85,95,82.5906495303368,77.7687157711013,72.5374315422026,83
45.2164641632386,71.6653878898302,86.5462632761381,80,45,59.4076163691526,82.6912850071306,72.4866711198216,92.8958988944395
95.305238873169,100,71.3420062527498,50,70,76.6960961924804,75,67,83
57.7288970965165,47.5608293954388,82.2573567400409,80,60,64.4198841292362,78.5456921846293,71.1199565667888,85.9714278024698
68.9759619626219,65.2087902863898,67.8422549332129,65,55,64.744839972579,79.1797336699647,73.2518176736189,85.1076496663106
55.1356726971527,82.2580842382006,83.7769469199393,80,85,71.0833623066728,89.469450146103,83.9389002922061,95
89.4657085839656,77.9225701250115,68.8378755400718,100,30,63.669673640446,89,83,95
78.465777514017,68.4703908559605,89.4910497258114,100,55,70.9062946874171,89,83,95
57.3243904989865,72.2872052879772,74.6297460350769,100,50,61.8396230680162,89,83,95
85.6067823241463,65.5816112589277,83.1030682934634,100,55,71.0028456866751,89,83,95
56.2382793101288,58.6623352175286,71.1936062790575,85,60,63.2541398356566,81.127950647034,74.7687111332487,87.4871901608194
90.2852658703478,67.3196079075052,73.9588896370067,100,50,67.7632602933758,89,83,95
61.8958687917196,70.6594319009108,85.7033593862691,35,80,73.9577744173418,64.487902651284,52.191324613497,76.7844806890709
58.6549832351654,89.9968560178633,71.1898557229431,85,20,49.6818489831786,85.6823214664226,81.8021778035522,89.5624651292929
56.5449177681758,78.1440382116951,78.1599969372278,70,55,63.2317130081364,82.6321022370288,73.2396437769915,92.0245606970661
73.0959916222236,79.9134678778661,79.0393235519796,90,55,67.7345143246146,90.5771557432549,86.1543114865099,95
78.2980111045726,52.5056177480928,84.6425986276314,100,65,74.7669796898555,89,83,95
59.586098843891,62.4803135290041,82.0273353864916,50,20,55.6483620962884,67.2768522972648,56.8373508545188,77.7163537400108
91.0779997842995,22.0389846730147,86.8217990934606,100,60,77.8458686920997,83,83,83
72.771905534561,44.6609386326072,72.3622525377702,60,50,65.9835053787485,68.5548373099477,60.5563312911717,76.5533433287237
76.1684453403146,86.9819224108577,85.5643100253385,50,40,64.6086278728477,72.3121403858718,66.0597904715277,78.5644903002159
72.3195708034472,87.7133857938877,74.9725464568646,100,55,67.0214072182852,89,83,95
70.4291191022623,49.1756997132258,75.3718836521709,70,70,71.6282730594491,74.7885286434132,67.1206666459879,82.4563906408385
78.6925131631784,55.4383645262147,86.883360163266,70,85,82.0003561906828,81.5657619262671,71.8382345540811,91.293289298453
67.0189384415959,86.968674591412,93.8428437296556,55,55,67.1040021410191,75.3116232441546,69.1551306724419,81.4681158158672
63.0469205891919,50.66166627377,83.6992738782933,90,60,65.9689661271702,83.6670195029641,80.9934022873526,86.3406367185755
82.4647361425763,69.4430057126503,78.9661396797105,45,65,74.4504758602636,69.2956778001179,59.2341017783468,79.357253821889
100,85.5125633124727,75.0443397850643,100,40,65.313366011427,89,83,95
70.6665522563252,73.1029672747339,82.5873651029662,100,10,61.6055168490924,89,83,95
57.849983887456,41.3577840956424,82.6976436165126,90,35,58.2084528791106,78.8603527036078,74.7207054072155,83
81.838977725362,57.3216807823626,76.6358856695637,70,50,67.4091724309693,77.8705454161611,69.7927246411258,85.9483661911964
69.0974250862641,83.2056306730055,76.5217342858737,100,50,65.6071555520659,89,83,95
30.1790635394183,68.4338435294389,82.1908513420214,100,55,55.5077497562533,89,83,95
51.5622368358515,19.2656368651905,83.8609544737215,95,20,50.659358364814,75,67,83
90.3312446651806,88.8524758646157,77.034379304999,55,75,80.3814248236238,77.4060970197135,71.8121940394269,83
81.5843869296685,22.9988918006223,80.437983251861,100,30,63.6172467283205,75,67,83
51.8522454178726,68.3000820935936,70.730729187343,50,40,53.9907459940045,69.1771932433967,59.4299385430026,78.9244479437907
65.7955409016726,40.8924286704289,90.3384428329606,60,35,63.3909208500497,66.1816429668543,56.8689966054376,75.494289328271
66.9713161223821,100,73.3948383407696,100,45,63.009980076482,89,83,95
82.9874695972659,55.1215831338892,72.7216201835034,100,40,64.1187123989601,89,83,95
50.3627405741695,50.8461353171128,87.9102370619424,55,30,54.5477708330535,64.4196863212474,52.8979152509944,75.9414573915003
60.0410423241708,32.9111652819571,72.8417086128516,50,55,63.2798418298149,58.4452627520517,50.505012898666,66.3855126054373
89.9334890633768,53.4287037571891,84.7835607094876,30,40,65.3110728504102,57.2785161207461,50,64.5570322414923
51.2842297667607,88.2337498093789,79.1413998424517,30,45,59.5953219419687,60.9880207781871,53.9465457173476,68.0294958390267
82.5087214095596,81.3693488661548,67.6800730416,55,85,77.6135339519231,75.6684505391102,68.4252896990844,82.911611379136
59.5855655570314,61.3014300031665,77.1629906252181,100,35,57.3537732215485,89,83,95
48.8308472852694,83.68481822834,80.9882164890303,100,55,62.1640675893814,89,83,95
48.4238821964488,80.9891301529033,72.162615361128,100,35,51.4715736671149,89,83,95
86.4987229250956,68.2148512390924,85.4236239968782,30,45,66.8344529555486,57.8520656335953,50,65.7041312671907
98.2382349558437,57.0243156770089,81.9727374031534,65,65,77.3625930464817,78.9894556073732,69.5151485284141,88.4637626863322
100,64.2477024139342,84.9720748899021,100,35,65,89,83,95
66.4838840094916,59.4390002539766,79.1080021807017,40,20,58.6400427910868,60.9472760184706,51.9061760576411,69.9883759793001
79.4035165804565,80.8576584541097,79.4689919413318,100,40,64.3469189546785,89,83,95
62.7771877561736,42.7341691430022,83.7170811741634,100,25,58.9603927141341,75,67,83
67.354798781625,73.4523988452076,79.5082045953959,60,75,73.2381698769307,78.1011248092452,69.1495939729372,87.0526556455531
83.6256087382072,63.8159549592014,91.8017778292667,100,40,65.3852414851584,89,83,95
48.9353709406368,76.2225877758008,84.4714635875943,85,30,53.0353596076712,84.0178300049989,75.5132310340558,92.522428975942
50.1537338070315,51.5686941688286,78.565536377989,100,65,64.6809700518094,89,83,95
54.7487332111154,68.3612248758298,82.9425970544558,80,75,68.523626559007,84.968944300332,77.0957815878076,92.8421070128563
63.2886007386595,69.7209276964769,77.5219302541787,80,30,57.8697594570078,81.807324462649,71.6392390968928,91.9754098284052
51.9580490212178,66.4585225284142,80.3338827178725,100,65,65.2005893194555,89,83,95
79.4824692902795,71.2715508243983,70.3486837898353,100,65,70.2606270564742,89,83,95
70.455166974152,77.120953531723,85.8830388132691,100,35,63.6166905950986,89,83,95
100,86.0376715175697,80.1950895191383,50,45,67.4346767716334,72.8413260351179,66.0539350856405,79.6287169845954
91.7746989523381,60.9716932931543,87.4890151316987,85,10,65,82.8587379355593,77.1734240848225,88.5440517862961
69.0555267750083,81.0183125860421,77.3922727333203,100,55,66.4838148630939,89,83,95
58.8670791605266,64.8755231903917,75.1157295442968,20,65,65.4372574609035,54.0812962950655,50,58.162592590131
70.3066929005404,49.9118913012668,83.9506485792382,100,45,65.194475484882,81,67,95
76.3799505826014,31.2527270629108,68.9917397238986,30,50,65.5610871512191,49.0754584167533,34.8687840000572,63.2821328334495
59.3625603042207,51.6301020002891,79.1267429074771,85,30,56.5747491709358,77.2028505578576,71.4057011157152,83
79.7419365186712,100,80.6120961497253,45,20,62.8286472306162,66.5,50,83
69.3109255861657,73.4672905762423,83.088639470403,100,40,63.4901183347587,89,83,95
77.0304073821503,90.8057957337617,82.7095449194702,100,35,63.7636356095972,89,83,95
70.493150299113,66.0888063358334,83.0732317880712,55,55,67.3872270190682,74.7029005031859,68.1464523613668,81.259348645005
68.5697936039089,61.8409977851073,71.6813534440026,95,65,68.0507762316209,89,83,95
100,53.3728121542885,85.370537997463,10,55,72.8035192459445,55.4320173774098,50.1249565109999,60.7390782438198
91.6346384096722,51.2682543897313,74.5864880436586,100,40,65.2707923262638,89,83,95
66.3202951756484,62.1666490065652,85.8830765357632,75,65,69.0419893581693,82.0658986764953,72.9435832396821,91.1882141133085
93.2687248946517,43.2677194285648,78.1317126089833,100,25,65,81,67,95
73.7480547522426,57.7728379658507,75.0765876963723,40,25,60.657131210301,60.9944687861384,52.1970929660343,69.7918446062425
92.6141192901146,73.5129708405061,69.2997161146223,75,65,70.9607628702834,88.4991595548598,83.0546973720767,93.9436217376429
83.6543998525352,84.546184002657,78.4023768678071,70,65,74.5240011032276,86.0552517243731,79.2108169989725,92.8996864497736
71.6008464522154,70.3892992474309,84.5740802383177,100,75,76.3699018438083,89,83,95
52.6149542162171,59.3561913355065,82.177767269695,100,20,51.1443895780181,89,83,95
61.070392398925,73.3631559872279,78.6607499228422,100,55,64.232364843627,89,83,95
77.3870948690766,75.8959229208478,64.7642946138218,95,75,71.4095052527902,89,83,95
80.5033483352964,36.2020638194158,77.5537932364774,80,30,63.1782450953924,75.8904528234951,68.7809056469902,83
67.4821188998859,52.5694748172567,87.806905690571,90,45,64.945684921982,83.709696923938,81.1593861836537,86.2600076642223
55.4497676346685,92.5336889244467,84.4331950233373,100,95,72.7398127329945,95,95,95
89.0780700504117,55.6729900903419,77.0873162793665,85,25,64.4775268429677,81.2262168397372,74.9857702740546,87.4666634054199
87.2715293450051,73.1154638659744,84.3127196321807,100,55,71.7176414268194,89,83,95
76.9356610291724,68.5222079869853,88.1680766532196,20,45,66.4477972344482,55.5123036202674,50,61.0246072405348
56.3393156695148,44.1416826175174,83.4921547456201,95,30,56.3851947352896,75,67,83
62.1705619309408,47.6532968618207,69.2111943170432,60,50,62.1351365436968,68.1979938272836,58.9061012973265,77.4898863572406
42.875068504973,58.8589752906029,86.1982787486228,100,45,58.1386447606008,83,83,83
94.7618029203668,28.6202964106807,73.9336535426238,80,55,69.6667667320699,75.8996074171115,68.7992148342231,83
49.7687555984198,32.8687991343206,72.9774582839681,35,35,52.3519526585286,44.7479020713424,28.1045083212934,61.3912958213914
78.5243699411389,87.4947867681786,80.8013098817203,90,10,62.5689881572176,91.729963536975,88.4599270739499,95
70.5207176762717,47.6520387723684,89.048280786933,100,50,66.950454016481,81,67,95
77.2337759236612,66.9208926582528,83.5221661995776,100,35,63.8719713856754,89,83,95
81.9744651694033,47.9827529635199,83.8610778444908,100,50,68.2089408625669,81,67,95
94.4134801437789,75.8741480934707,73.1080909227492,85,45,66.6532919050097,88.732388135885,83.5025608828739,93.9622153888962
68.1072263839397,42.6212606927,79.7050706054606,100,75,73.6423796930994,89,83,95
62.3280113131553,62.0439101626715,80.4194678049637,50,75,70.9173549131864,71.5180276096917,63.0741681323803,79.9618870870031
62.7381311762065,84.7900169941389,84.4648967256299,100,30,59.6446376133766,89,83,95
88.5955447060835,85.1697524726206,85.8522186045912,60,85,83.6583894077265,79.5915356472527,73.502133099772,85.6809381947334
97.3112097073383,46.0618504950915,71.6140044784876,85,35,65,79.9474320570173,75.2064029024023,84.6884612116322
78.2249825006985,82.2849061255479,78.8892286378857,40,50,67.4093622383824,67.3557168009896,57.4884536822761,77.222979919703
80.3797637254987,60.4742592220043,79.2829101077158,95,20,62.7241437703681,89,83,95
82.5680921795463,63.6865507134602,76.2123557160621,95,50,67.4027630074899,89,83,95
58.7669702236709,38.9556071064966,80.2743909082097,100,40,59.4611755062077,75,67,83
100,55.1925045549117,88.4809055673804,75,75,83.8813518056167,84.0470253148201,75.2291778027308,92.8648728269095
71.6508837085732,88.0681431945741,84.8094310300322,100,75,76.4488212469305,89,83,95
67.6959253968388,64.6391475744917,85.2620845311619,95,25,61.663965825378,89,83,95
75.7989581427905,59.6866832785916,77.0416845747247,60,55,67.9749488861961,76.2808539640634,68.6795373513363,83.8821705767905
57.5110924887212,67.6271770263125,92.9684579234949,95,65,66.7734167074049,89,83,95
46.0255100783953,71.5517643478102,66.5465755428096,40,30,47.4750105084691,61.4006038463369,52.9113562485948,69.8898514440789
81.9299725151406,50.6660161265228,75.4944346233601,90,45,65.7131539825191,83.6036891665273,80.9999172394792,86.2074610935755
65.7708322667619,68.723163050263,82.017681427332,70,45,63.7506175355189,81.3050758682833,73.3963657899669,89.2137859465998
81.447211883251,45.0517012380262,79.1345385693023,60,45,66.0805328793991,68.7261785715424,60.8024041207427,76.6499530223421
69.951628411904,91.4759943010522,76.5969948936169,90,45,64.3873090408276,93.1321479026962,91.2642958053924,95
67.4540269481259,74.3426647306894,81.2017307648053,80,35,61.6517543621273,84.8197224750074,75.889727311995,93.7497176380197
65.948728708559,71.8514354214529,79.77699611915,65,45,63.5285860383913,79.7820835634226,72.0224386997373,87.5417284271079
63.7876059278795,54.9480079534362,76.8485403899578,70,55,64.8464796596775,75.5837386380919,68.6595337529206,82.5079435232633
87.8962820758058,60.3831526679163,81.117771460363,75,40,65.0515526229546,80.282760947333,71.6614755808268,88.9040463138393
64.4149008044435,54.0633538365863,96.4842208499356,70,65,70.0935043147565,76.10070812397,68.2307586837753,83.9706575641646
80.6235641487338,53.3874552504478,84.9391258477205,75,55,70.3351346296137,78.7430385106492,68.903704829422,88.5823721918764
74.0221742387863,99.5157681016165,82.5927061262784,100,0,61.8595747991283,89,83,95
89.0289363602151,34.1087661868329,81.0446103787593,95,30,64.6437505680412,75,67,83
86.1940570835989,52.9531897318634,77.8922935862877,95,65,75.0341920774208,89,83,95
85.5236658719966,79.6763521467723,67.2943449494019,60,50,65.8318649468288,77.6705521893564,69.6247893398385,85.7163150388744
65.2495511710201,60.3806421374198,82.8049450881963,100,60,66.6058986037727,89,83,95
52.3461366300302,77.5395180151727,68.178110856848,30,35,51.4375389237642,58.08747402245,50.0393206131153,66.1356274317847
68.4463459574046,49.1795375957407,81.3113323195987,50,65,69.6032189146369,68.5276782028878,58.7910150072819,78.2643413984938
81.5170235968996,63.8444646815447,76.9612107283361,45,55,68.9068441577246,67.3668239682129,59.2958477453212,75.4378001911045
44.0790183188872,54.4160462274713,75.6678829567689,40,50,57.1146143024906,59.3692488418945,51.4255257530068,67.3129719307822
74.6885358794319,34.3161805190934,78.5558823128284,100,50,66.8765577851786,75,67,83
77.6175902754178,91.7538190151204,76.5270487928176,100,30,62.5734338299325,89,83,95
66.2409346563356,46.6277019224354,75.2961669256356,90,60,66.1969405329318,82.7016851081846,80.5836320178038,84.8197381985654
87.1490593857434,66.5796903979012,85.7903663742118,70,60,75.4448820395089,83.3672084154689,74.8166627809358,91.917754050002
59.9738015124335,57.5910638397297,64.4497701110004,20,45,57.4562241035412,52.1541159041804,50,54.3082318083607
58.6853110538208,60.5702321940678,71.4607884845623,65,75,67.319542471895,78.3297257009927,71.0543742695244,85.605077132461
84.4998893600099,82.169708769613,87.3775353511661,35,30,64.5597933791125,64.4293503572551,54.5239812903174,74.3347194241928
74.7392161301408,26.9542417702844,82.3451996400181,100,20,62.3662755631473,75,67,83
84.7055168250352,75.6438438380638,77.3115682426502,100,95,82.9520037811979,89,83,95
72.1298380962388,80.4691323851615,75.7825720796223,100,65,70.1326546364956,89,83,95
69.7675038287036,70.8403350932371,85.1972658250855,65,50,66.4415483151948,80.2845022255439,72.7135425963973,87.8554618546905
81.5840498813299,88.662590852722,77.7316821404179,90,75,77.7901771036756,93.0926024798703,91.1852049597406,95
73.0438118829227,24.9662415534867,77.3753764152022,60,40,63.5665975040023,63.5183830205327,55.6406695016743,71.3960965393911
77.0888067978293,58.1006044161548,75.3242568629236,95,50,66.7901019967153,89,83,95
69.9194883919453,48.1013286203397,76.1216370024561,70,70,71.6069294139175,74.6606788123434,67.0918656145505,82.2294920101364
48.3173852123126,79.1130193171608,76.265099958001,100,45,57.004330384965,89,83,95
100,100,84.0287116554582,85,40,65.463455799379,89,83,95
51.7438206893909,56.4043209357955,78.7570270637207,100,10,49.6573221125016,75,67,83
100,77.156905643728,83.7249996270603,60,50,70.0412464938559,78.0618711480879,69.1486148988176,86.9751273973583
72.4467663207534,53.1804602986217,68.4080518898585,40,35,59.9936118094109,60.5936501399847,51.8968586594553,69.2904416205142
68.1474269842355,68.2913824687307,72.0507869036969,30,40,61.4901162206078,57.6491464031008,50,65.2982928062017
78.6379923317365,63.2526679457253,82.6708831608341,80,30,63.5777919327198,81.8146219822505,73.6598466291104,89.9693973353905
97.9821298848992,100,81.0571739667406,45,70,80.2242453157998,75,67,83
87.4819085389585,77.9303875662044,74.0351034484338,80,30,64.038605190189,88.4327758856602,82.143653939328,94.7218978319925
93.8912904777602,59.2086192956791,82.7919850628769,95,85,83.9037662983922,89,83,95
84.3902356285638,58.2463922265751,84.8662165392205,85,50,68.5384554255855,82.9869035390826,75.7066686552853,90.26713842288
85.3347171704962,37.622972719013,88.0072356825701,100,30,64.6689754860057,75,67,83
100,49.6057193813643,75.6170123153332,60,65,75.241020435677,74.7792668828707,67.3959849131609,82.1625488525805
55.9992368321105,57.7735890954628,76.8684979050034,65,30,54.4207092021851,73.0987402316731,65.1580021244199,81.0394783389263
74.4267354369055,91.4552690478773,85.1716827381932,75,30,63.5632290279006,88.3712208606322,84.2258185337164,92.516623187548
59.0852502532995,68.9614986057691,76.0998125687146,100,20,52.5301559779072,89,83,95
67.1609763332967,68.0170295116788,86.7012190713044,100,25,61.9214067499697,89,83,95
85.4561595582817,48.6924502551078,83.6971063706954,95,65,77.0150379566917,89,83,95
100,84.7982281313039,80.1252754796714,100,45,67.4291714716554,89,83,95
59.297663439475,79.3555837189234,69.95977526309,75,65,64.7711991302454,86.5145427447065,79.1275594059328,93.9015260834802
78.0470042568199,28.0877461522569,74.2732654538358,10,45,65.2586007987377,45.6377882152144,41.2755764304288,50
